1,162,1168,0
1,270,1040,1
1,445,1165,3
1,480,1201,4
1,445,1129,5
1,446,1081,6
1,482,1092,7
1,624,1096,8
1,939,1095,9
1,558,856,10
1,240,862,11
1,841,805,13
1,982,837,14
1,349,674,16
1,420,638,17
1,422,598,19
1,423,560,20
1,564,568,21
1,564,537,22
1,565,507,23
1,281,551,24
1,244,617,25
1,636,476,26
1,742,562,27
1,849,456,28
1,747,299,29
1,748,245,30
1,748,211,31
1,751,166,32
1,642,207,33
1,610,144,34
1,1032,132,35
1,397,30,36
1,349,650,37
2,982,824,14
2,161,1183,0
2,270,1048,1
2,444,1122,5
2,444,1162,3
2,446,1077,6
2,480,1068,7
2,480,1177,4
2,623,1079,8
2,557,842,10
2,843,796,13
2,740,549,27
2,849,438,28
2,638,461,26
2,564,591,21
2,565,555,22
2,565,525,23
2,421,612,19
2,420,650,17
2,424,575,20
2,281,560,24
2,243,629,25
2,239,870,11
2,751,154,32
2,751,201,31
2,749,234,30
2,748,287,29
2,643,185,33
2,608,134,34
2,1033,113,35
2,398,13,36
2,348,630,37
2,349,656,16
3,161,1201,0
3,269,1056,1
3,446,1129,5
3,444,1167,3
3,446,1082,6
3,478,1161,4
3,480,1047,7
3,622,1066,8
3,981,812,14
3,843,788,13
3,558,828,10
3,237,878,11
3,243,640,25
3,280,576,24
3,347,617,37
3,347,638,16
3,420,659,17
3,420,621,19
3,421,581,20
3,564,574,22
3,565,608,21
3,564,546,23
3,638,457,26
3,740,540,27
3,850,423,28
3,748,280,29
3,749,198,31
3,751,150,32
3,645,168,33
3,609,119,34
3,1034,99,35
3,749,230,30
4,161,1219,0
4,270,1065,1
4,479,1144,4
4,447,1163,3
4,483,1022,7
4,622,1051,8
4,557,816,10
4,238,893,11
4,243,652,25
4,281,586,24
4,351,599,37
4,350,624,16
4,420,630,19
4,420,672,17
4,423,595,20
4,562,626,21
4,563,596,22
4,565,562,23
4,743,533,27
4,637,454,26
4,842,765,13
4,849,402,28
4,748,273,29
4,748,186,31
4,750,226,30
4,751,147,32
4,644,145,33
4,609,110,34
4,982,792,14
4,1033,81,35
4,447,1082,6
4,446,1129,5
5,1034,67,35
5,983,779,14
5,844,746,13
5,851,389,28
5,747,269,29
5,748,223,30
5,749,186,31
5,751,145,32
5,645,127,33
5,610,106,34
5,637,441,26
5,741,521,27
5,563,645,21
5,562,612,22
5,564,581,23
5,558,801,10
5,623,1038,8
5,482,1008,7
5,479,1131,4
5,421,606,20
5,419,643,19
5,420,687,17
5,446,1087,6
5,445,1134,5
5,446,1165,3
5,350,584,37
5,350,606,16
5,279,600,24
5,268,1071,1
5,160,1235,0
5,236,916,11
5,241,655,25
6,161,1248,0
6,269,1077,1
6,239,933,11
6,448,1094,6
6,483,1122,4
6,447,1141,5
6,446,1173,3
6,559,782,10
6,562,661,21
6,562,631,22
6,565,600,23
6,418,660,19
6,419,707,17
6,420,622,20
6,351,590,16
6,349,564,37
6,278,609,24
6,244,660,25
6,744,511,27
6,843,733,13
6,625,1019,8
6,484,982,7
6,637,423,26
6,849,372,28
6,747,262,29
6,747,214,30
6,749,179,31
6,750,138,32
6,645,105,33
6,610,99,34
6,1034,47,35
6,984,770,14
7,162,1264,0
7,268,1083,1
7,238,952,11
7,485,972,7
7,484,1107,4
7,448,1104,6
7,447,1182,3
7,445,1149,5
7,627,1001,8
7,560,769,10
7,419,722,17
7,419,680,19
7,421,638,20
7,245,675,25
7,278,622,24
7,351,551,37
7,350,575,16
7,562,684,21
7,561,651,22
7,564,620,23
7,639,406,26
7,741,496,27
7,745,252,29
7,748,207,30
7,751,176,31
7,751,131,32
7,646,84,33
7,610,91,34
7,843,718,13
7,982,753,14
7,852,352,28
7,1035,32,35
7,576,6,39
8,1036,16,35
8,749,164,31
8,751,119,32
8,749,198,30
8,748,241,29
8,646,62,33
8,609,82,34
8,577,20,39
8,641,396,26
8,743,480,27
8,852,340,28
8,842,703,13
8,984,744,14
8,564,639,23
8,560,671,22
8,561,702,21
8,559,752,10
8,420,654,20
8,419,690,19
8,419,733,17
8,483,965,7
8,624,985,8
8,483,1093,4
8,446,1116,6
8,445,1165,5
8,445,1199,3
8,351,561,16
8,351,537,37
8,278,634,24
8,245,681,25
8,239,964,11
8,270,1087,1
8,159,1276,0
9,1036,2,35
9,851,326,28
9,749,233,29
9,750,189,30
9,751,155,31
9,751,113,32
9,647,41,33
9,610,73,34
9,575,31,39
9,639,384,26
9,742,466,27
9,844,688,13
9,983,729,14
9,351,516,37
9,351,539,16
9,280,644,24
9,241,693,25
9,419,702,19
9,420,742,17
9,419,663,20
9,561,654,23
9,562,684,22
9,561,717,21
9,561,749,10
9,484,950,7
9,235,984,11
9,268,1095,1
9,447,1132,6
9,446,1175,5
9,444,1211,3
9,483,1080,4
9,159,1292,0
9,626,972,8
10,159,1307,0
10,268,1102,1
10,447,1147,6
10,447,1190,5
10,445,1226,3
10,237,999,11
10,484,930,7
10,627,951,8
10,483,1059,4
10,561,755,10
10,562,721,21
10,563,694,22
10,564,661,23
10,420,706,19
10,419,748,17
10,419,672,20
10,278,657,24
10,242,706,25
10,352,525,16
10,353,501,37
10,640,364,26
10,986,717,14
10,844,675,13
10,742,453,27
10,854,307,28
10,748,229,29
10,749,183,30
10,751,148,31
10,752,105,32
10,649,19,33
10,612,65,34
10,575,41,39
11,575,47,39
11,610,57,34
11,639,349,26
11,749,221,29
11,749,175,30
11,749,142,31
11,752,100,32
11,855,290,28
11,744,438,27
11,845,664,13
11,355,481,37
11,355,505,16
11,563,669,23
11,563,703,22
11,561,732,21
11,562,762,10
11,985,701,14
11,627,932,8
11,487,908,7
11,485,1052,4
11,447,1160,6
11,445,1201,5
11,442,1245,3
11,416,763,17
11,419,719,19
11,419,681,20
11,281,672,24
11,241,714,25
11,236,1022,11
11,270,1113,1
11,159,1321,0
12,986,682,14
12,845,650,13
12,742,427,27
12,640,334,26
12,855,269,28
12,749,216,29
12,750,173,30
12,749,137,31
12,752,94,32
12,610,44,34
12,576,64,39
12,575,4,41
12,563,684,23
12,563,715,22
12,561,747,21
12,562,773,10
12,626,918,8
12,487,884,7
12,420,776,17
12,419,735,19
12,418,698,20
12,483,1033,4
12,353,466,37
12,353,491,16
12,279,686,24
12,243,722,25
12,445,1175,6
12,443,1218,5
12,443,1257,3
12,270,1123,1
12,236,1038,11
12,157,1338,0
13,985,669,14
13,845,631,13
13,746,410,27
13,642,317,26
13,853,244,28
13,750,211,29
13,749,163,30
13,750,128,31
13,751,89,32
13,610,41,34
13,574,81,39
13,577,25,41
13,354,453,37
13,353,476,16
13,277,700,24
13,241,732,25
13,419,711,20
13,421,745,19
13,416,789,17
13,487,866,7
13,559,791,10
13,559,762,21
13,562,732,22
13,563,703,23
13,485,1020,4
13,237,1059,11
13,268,1132,1
13,155,1350,0
13,445,1183,6
13,444,1227,5
13,442,1265,3
13,627,906,8
14,986,655,14
14,845,609,13
14,746,403,27
14,855,231,28
14,750,206,29
14,752,161,30
14,750,123,31
14,751,81,32
14,643,303,26
14,613,28,34
14,577,33,41
14,575,94,39
14,355,432,37
14,355,462,16
14,560,715,23
14,561,741,22
14,559,804,10
14,560,772,21
14,627,890,8
14,489,841,7
14,419,800,17
14,419,762,19
14,423,728,20
14,485,1006,4
14,446,1185,6
14,447,1232,5
14,443,1267,3
14,277,713,24
14,241,741,25
14,234,1078,11
14,267,1147,1
14,156,1360,0
15,156,1371,0
15,268,1158,1
15,235,1098,11
15,444,1237,5
15,443,1277,3
15,444,1192,6
15,487,989,4
15,489,822,7
15,559,820,10
15,560,788,21
15,562,756,22
15,563,728,23
15,628,869,8
15,419,813,17
15,418,777,19
15,419,740,20
15,278,724,24
15,242,747,25
15,353,422,37
15,354,442,16
15,641,286,26
15,744,393,27
15,846,590,13
15,856,217,28
15,749,200,29
15,751,157,30
15,753,119,31
15,754,76,32
15,613,20,34
15,576,44,41
15,575,105,39
15,986,639,14
15,578,5,57
16,644,274,26
16,267,1165,1
16,987,628,14
16,630,861,8
16,846,580,13
16,485,974,4
16,746,383,27
16,855,203,28
16,754,71,32
16,753,110,31
16,751,145,30
16,750,193,29
16,614,9,34
16,576,21,57
16,489,807,7
16,353,404,37
16,355,429,16
16,241,759,25
16,278,737,24
16,233,1125,11
16,418,753,20
16,443,1197,6
16,443,1248,5
16,443,1279,3
16,417,788,19
16,414,830,17
16,562,740,23
16,560,769,22
16,559,801,21
16,557,834,10
16,576,67,41
16,573,122,39
17,642,265,26
17,268,1175,1
17,986,617,14
17,629,841,8
17,846,571,13
17,484,956,4
17,747,368,27
17,856,192,28
17,753,66,32
17,751,105,31
17,751,140,30
17,750,187,29
17,613,9,34
17,577,34,57
17,490,791,7
17,354,393,37
17,355,416,16
17,241,775,25
17,277,748,24
17,234,1142,11
17,418,760,20
17,445,1206,6
17,443,1253,5
17,442,1290,3
17,418,802,19
17,416,843,17
17,560,753,23
17,559,785,22
17,558,817,21
17,558,850,10
17,575,81,41
17,571,143,39
18,641,255,26
18,266,1186,1
18,986,600,14
18,629,825,8
18,846,569,13
18,486,942,4
18,744,351,27
18,854,181,28
18,755,59,32
18,752,100,31
18,751,133,30
18,749,177,29
18,612,4,34
18,575,53,57
18,491,772,7
18,354,371,37
18,356,402,16
18,241,790,25
18,277,757,24
18,230,1167,11
18,420,771,20
18,444,1219,6
18,443,1261,5
18,442,1303,3
18,418,807,19
18,416,851,17
18,560,768,23
18,559,798,22
18,558,832,21
18,558,863,10
18,576,101,41
18,570,158,39
19,643,237,26
19,265,1185,1
19,987,591,14
19,631,806,8
19,846,560,13
19,486,923,4
19,744,344,27
19,856,167,28
19,754,46,32
19,751,88,31
19,751,126,30
19,749,166,29
19,575,69,57
19,492,751,7
19,355,359,37
19,356,389,16
19,239,799,25
19,276,763,24
19,231,1182,11
19,419,777,20
19,444,1233,6
19,442,1277,5
19,442,1314,3
19,417,817,19
19,416,854,17
19,559,783,23
19,559,818,22
19,556,847,21
19,556,877,10
19,575,116,41
19,571,177,39
20,641,221,26
20,266,1191,1
20,988,570,14
20,629,785,8
20,846,550,13
20,487,905,4
20,746,328,27
20,857,147,28
20,754,36,32
20,751,79,31
20,751,113,30
20,751,154,29
20,576,87,57
20,491,731,7
20,356,347,37
20,356,365,16
20,239,814,25
20,276,770,24
20,231,1196,11
20,415,790,20
20,442,1245,6
20,441,1292,5
20,441,1325,3
20,417,824,19
20,416,870,17
20,559,802,23
20,559,834,22
20,558,864,21
20,555,898,10
20,573,131,41
20,571,189,39
21,641,202,26
21,266,1194,1
21,985,552,14
21,630,767,8
21,846,541,13
21,487,897,4
21,746,320,27
21,856,138,28
21,754,21,32
21,752,71,31
21,752,107,30
21,751,147,29
21,575,104,57
21,488,704,7
21,356,325,37
21,356,350,16
21,238,826,25
21,276,775,24
21,231,1212,11
21,416,804,20
21,442,1257,6
21,441,1305,5
21,441,1344,3
21,417,844,19
21,416,888,17
21,559,818,23
21,558,849,22
21,557,882,21
21,555,914,10
21,572,152,41
21,572,207,39
21,790,18,63
22,645,189,26
22,267,1199,1
22,986,542,14
22,629,755,8
22,847,523,13
22,485,882,4
22,746,313,27
22,858,116,28
22,755,5,32
22,752,57,31
22,752,98,30
22,750,140,29
22,574,118,57
22,489,684,7
22,355,304,37
22,356,336,16
22,239,838,25
22,276,781,24
22,231,1233,11
22,417,825,20
22,442,1270,6
22,441,1317,5
22,441,1356,3
22,416,859,19
22,414,904,17
22,558,831,23
22,557,865,22
22,559,896,21
22,556,933,10
22,572,162,41
22,572,228,39
22,85,1360,64
22,149,9,65
22,788,34,63
23,643,175,26
23,267,1217,1
23,988,526,14
23,631,741,8
23,848,501,13
23,486,868,4
23,746,307,27
23,860,106,28
23,755,7,32
23,753,45,31
23,752,84,30
23,750,130,29
23,573,128,57
23,491,665,7
23,359,294,37
23,357,323,16
23,236,851,25
23,276,795,24
23,231,1249,11
23,415,837,20
23,442,1281,6
23,442,1325,5
23,439,1371,3
23,416,874,19
23,415,911,17
23,558,849,23
23,558,885,22
23,557,914,21
23,557,953,10
23,573,172,41
23,570,235,39
23,787,55,63
23,150,37,65
23,83,1346,64
24,643,168,26
24,266,1228,1
24,988,509,14
24,630,723,8
24,848,484,13
24,488,851,4
24,746,294,27
24,859,82,28
24,755,7,32
24,756,35,31
24,752,73,30
24,751,116,29
24,575,141,57
24,493,643,7
24,360,273,37
24,358,299,16
24,238,864,25
24,276,807,24
24,231,1266,11
24,415,844,20
24,442,1294,6
24,440,1336,5
24,442,1373,3
24,415,879,19
24,414,919,17
24,559,869,23
24,557,905,22
24,557,935,21
24,555,975,10
24,574,185,41
24,571,248,39
24,787,68,63
24,149,49,65
24,84,1324,64
25,642,153,26
25,265,1235,1
25,988,490,14
25,633,706,8
25,848,468,13
25,488,838,4
25,749,282,27
25,858,67,28
25,756,25,31
25,753,61,30
25,753,106,29
25,574,163,57
25,492,622,7
25,360,258,37
25,359,285,16
25,239,874,25
25,277,818,24
25,229,1284,11
25,417,853,20
25,442,1297,6
25,440,1339,5
25,441,1376,3
25,415,888,19
25,416,930,17
25,557,894,23
25,555,927,22
25,554,956,21
25,555,992,10
25,572,205,41
25,572,265,39
25,787,86,63
25,144,85,65
25,84,1303,64
25,829,1371,67
26,643,133,26
26,264,1247,1
26,988,475,14
26,631,686,8
26,850,450,13
26,488,826,4
26,747,265,27
26,859,46,28
26,753,14,31
26,753,48,30
26,752,96,29
26,576,186,57
26,492,600,7
26,357,241,37
26,359,269,16
26,239,885,25
26,275,829,24
26,230,1303,11
26,416,862,20
26,442,1298,6
26,442,1348,5
26,413,901,19
26,415,943,17
26,555,914,23
26,557,946,22
26,556,976,21
26,555,1013,10
26,573,224,41
26,569,283,39
26,785,105,63
26,147,87,65
26,88,1283,64
26,830,1364,67
27,646,101,26
27,264,1266,1
27,990,439,14
27,634,647,8
27,850,424,13
27,487,788,4
27,749,235,27
27,861,4,28
27,754,24,30
27,752,68,29
27,572,218,57
27,493,543,7
27,360,203,37
27,359,226,16
27,237,922,25
27,274,853,24
27,229,1352,11
27,441,1317,6
27,441,1367,5
27,412,938,19
27,410,895,20
27,414,978,17
27,556,957,23
27,555,992,22
27,555,1021,21
27,553,1057,10
27,568,263,41
27,568,324,39
27,784,139,63
27,145,131,65
27,86,1231,64
27,651,1351,68
27,830,1340,67
28,646,96,26
28,265,1268,1
28,989,439,14
28,634,641,8
28,849,426,13
28,488,778,4
28,746,229,27
28,861,3,28
28,756,19,30
28,752,62,29
28,574,225,57
28,495,534,7
28,359,197,37
28,359,223,16
28,238,930,25
28,275,856,24
28,229,1352,11
28,441,1325,6
28,440,1365,5
28,413,939,19
28,413,899,20
28,414,983,17
28,556,963,23
28,555,996,22
28,555,1027,21
28,555,1067,10
28,569,268,41
28,567,325,39
28,785,146,63
28,146,140,65
28,88,1224,64
28,830,1334,67
28,654,1342,68
29,646,92,26
29,265,1271,1
29,990,436,14
29,633,637,8
29,849,424,13
29,488,777,4
29,750,227,27
29,755,17,30
29,751,63,29
29,573,228,57
29,495,534,7
29,359,196,37
29,360,222,16
29,237,933,25
29,275,856,24
29,229,1359,11
29,441,1323,6
29,439,1368,5
29,416,941,19
29,413,909,20
29,414,989,17
29,556,969,23
29,555,999,22
29,555,1034,21
29,553,1075,10
29,570,272,41
29,569,330,39
29,785,152,63
29,147,142,65
29,88,1220,64
29,829,1330,67
29,654,1338,68
30,646,81,26
30,265,1271,1
30,990,420,14
30,633,618,8
30,851,407,13
30,490,761,4
30,748,216,27
30,754,4,30
30,753,52,29
30,571,246,57
30,495,512,7
30,361,178,37
30,359,199,16
30,240,948,25
30,274,871,24
30,227,1373,11
30,442,1333,6
30,441,1374,5
30,412,954,19
30,415,1004,17
30,413,923,20
30,555,990,23
30,554,1021,22
30,554,1051,21
30,555,1093,10
30,570,286,41
30,569,342,39
30,785,166,63
30,147,154,65
30,88,1197,64
30,830,1320,67
30,655,1321,68
31,647,72,26
31,265,1280,1
31,991,406,14
31,634,601,8
31,851,390,13
31,491,746,4
31,751,201,27
31,754,4,30
31,752,46,29
31,571,257,57
31,495,490,7
31,362,164,37
31,359,189,16
31,237,954,25
31,274,879,24
31,441,1344,6
31,415,966,19
31,415,1014,17
31,414,933,20
31,555,1007,23
31,553,1038,22
31,554,1070,21
31,550,1110,10
31,570,298,41
31,569,356,39
31,785,175,63
31,144,183,65
31,88,1170,64
31,830,1313,67
31,654,1301,68
32,647,56,26
32,265,1286,1
32,992,392,14
32,635,587,8
32,850,370,13
32,489,732,4
32,750,193,27
32,753,35,29
32,572,270,57
32,496,485,7
32,358,142,37
32,360,171,16
32,238,963,25
32,272,889,24
32,440,1350,6
32,412,976,19
32,414,1025,17
32,414,945,20
32,556,1027,23
32,553,1058,22
32,556,1090,21
32,552,1134,10
32,569,317,41
32,569,369,39
32,785,200,63
32,143,196,65
32,90,1152,64
32,831,1301,67
32,653,1284,68
33,648,38,26
33,263,1296,1
33,992,383,14
33,634,566,8
33,852,349,13
33,490,715,4
33,751,173,27
33,753,29,29
33,571,279,57
33,496,472,7
33,360,131,37
33,360,154,16
33,236,966,25
33,273,901,24
33,440,1368,6
33,414,992,19
33,413,1041,17
33,411,959,20
33,555,1046,23
33,553,1077,22
33,553,1110,21
33,552,1155,10
33,569,319,41
33,569,373,39
33,783,217,63
33,144,214,65
33,90,1133,64
33,831,1284,67
33,654,1265,68
34,647,16,26
34,265,1304,1
34,991,369,14
34,634,548,8
34,851,333,13
34,491,702,4
34,751,170,27
34,753,13,29
34,571,288,57
34,497,448,7
34,361,118,37
34,360,142,16
34,237,973,25
34,274,912,24
34,442,1373,6
34,413,1011,19
34,412,1059,17
34,414,979,20
34,554,1064,23
34,552,1095,22
34,553,1127,21
34,552,1175,10
34,570,333,41
34,568,384,39
34,783,232,63
34,144,242,65
34,90,1110,64
34,833,1273,67
34,656,1256,68
35,649,6,26
35,264,1312,1
35,991,354,14
35,636,533,8
35,852,318,13
35,492,684,4
35,752,161,27
35,753,4,29
35,570,303,57
35,497,424,7
35,362,106,37
35,362,127,16
35,238,987,25
35,274,922,24
35,440,1377,6
35,411,1029,19
35,412,1069,17
35,413,992,20
35,553,1086,23
35,551,1118,22
35,553,1150,21
35,551,1190,10
35,569,346,41
35,566,403,39
35,783,246,63
35,144,253,65
35,93,1091,64
35,833,1254,67
35,655,1237,68
35,935,1373,69
36,262,1320,1
36,991,338,14
36,635,517,8
36,854,301,13
36,490,665,4
36,751,152,27
36,754,1,29
36,570,321,57
36,494,407,7
36,362,85,37
36,361,112,16
36,237,996,25
36,272,932,24
36,412,1038,19
36,409,1095,17
36,414,1007,20
36,553,1108,23
36,550,1137,22
36,552,1168,21
36,550,1214,10
36,570,364,41
36,569,423,39
36,783,265,63
36,144,273,65
36,90,1076,64
36,833,1246,67
36,654,1215,68
36,934,1369,69
37,264,1328,1
37,993,329,14
37,636,499,8
37,854,281,13
37,491,654,4
37,748,143,27
37,567,343,57
37,496,384,7
37,363,70,37
37,361,96,16
37,236,1011,25
37,274,941,24
37,412,1056,19
37,411,1103,17
37,414,1016,20
37,552,1128,23
37,552,1156,22
37,550,1191,21
37,549,1230,10
37,568,386,41
37,566,443,39
37,785,287,63
37,143,290,65
37,91,1047,64
37,832,1240,67
37,656,1201,68
37,935,1363,69
38,264,1337,1
38,993,318,14
38,637,481,8
38,854,262,13
38,492,632,4
38,749,129,27
38,570,359,57
38,497,353,7
38,363,56,37
38,361,78,16
38,235,1017,25
38,271,955,24
38,413,1061,19
38,412,1109,17
38,413,1029,20
38,552,1144,23
38,551,1177,22
38,551,1207,21
38,549,1248,10
38,568,405,41
38,566,464,39
38,783,307,63
38,143,310,65
38,91,1028,64
38,832,1241,67
38,658,1182,68
38,934,1353,69
39,264,1348,1
39,994,300,14
39,639,461,8
39,855,249,13
39,492,621,4
39,751,117,27
39,570,376,57
39,498,335,7
39,364,40,37
39,363,65,16
39,238,1027,25
39,272,969,24
39,413,1073,19
39,412,1124,17
39,413,1042,20
39,551,1166,23
39,548,1195,22
39,552,1225,21
39,549,1267,10
39,566,423,41
39,568,479,39
39,783,319,63
39,144,334,65
39,91,1005,64
39,831,1230,67
39,657,1168,68
39,932,1348,69
40,264,1356,1
40,995,288,14
40,636,447,8
40,853,234,13
40,492,605,4
40,752,106,27
40,569,395,57
40,499,313,7
40,363,22,37
40,362,49,16
40,235,1031,25
40,272,977,24
40,413,1092,19
40,412,1139,17
40,413,1057,20
40,550,1213,22
40,552,1180,23
40,550,1247,21
40,549,1286,10
40,570,439,41
40,566,502,39
40,778,339,63
40,145,353,65
40,90,982,64
40,833,1216,67
40,657,1148,68
40,931,1339,69
41,263,1363,1
41,994,271,14
41,637,434,8
41,854,230,13
41,494,586,4
41,753,99,27
41,568,411,57
41,499,291,7
41,363,7,37
41,363,31,16
41,237,1038,25
41,273,992,24
41,414,1108,19
41,412,1154,17
41,414,1076,20
41,551,1199,23
41,549,1230,22
41,550,1264,21
41,550,1303,10
41,565,452,41
41,564,511,39
41,780,364,63
41,142,369,65
41,93,961,64
41,834,1208,67
41,657,1124,68
41,938,1319,69
42,993,261,14
42,638,413,8
42,855,211,13
42,492,565,4
42,751,92,27
42,568,422,57
42,501,273,7
42,363,18,16
42,236,1053,25
42,273,1001,24
42,409,1123,19
42,407,1179,17
42,411,1094,20
42,550,1215,23
42,551,1250,22
42,549,1280,21
42,547,1325,10
42,567,462,41
42,564,518,39
42,782,369,63
42,142,391,65
42,95,937,64
42,834,1194,67
42,658,1107,68
42,933,1308,69
43,994,246,14
43,638,394,8
43,856,194,13
43,494,549,4
43,751,85,27
43,568,434,57
43,502,254,7
43,362,13,16
43,237,1054,25
43,272,1011,24
43,414,1142,19
43,411,1191,17
43,413,1102,20
43,549,1236,23
43,549,1266,22
43,550,1301,21
43,548,1344,10
43,567,478,41
43,564,535,39
43,779,387,63
43,143,410,65
43,95,917,64
43,833,1185,67
43,657,1085,68
43,935,1303,69
44,996,234,14
44,639,375,8
44,855,178,13
44,490,531,4
44,753,74,27
44,566,456,57
44,500,222,7
44,365,2,16
44,237,1071,25
44,271,1024,24
44,411,1150,19
44,411,1190,17
44,411,1112,20
44,550,1260,23
44,549,1290,22
44,549,1322,21
44,547,1364,10
44,567,498,41
44,563,563,39
44,778,409,63
44,141,427,65
44,96,891,64
44,833,1173,67
44,660,1068,68
44,935,1298,69
45,996,221,14
45,640,357,8
45,857,162,13
45,496,515,4
45,753,61,27
45,566,472,57
45,502,207,7
45,236,1077,25
45,272,1025,24
45,413,1155,19
45,406,1213,17
45,411,1122,20
45,550,1278,23
45,549,1311,22
45,548,1342,21
45,548,1373,10
45,565,517,41
45,563,575,39
45,779,423,63
45,141,439,65
45,96,871,64
45,834,1162,67
45,661,1048,68
45,935,1281,69
45,186,7,70
45,471,12,71
46,994,203,14
46,639,347,8
46,859,148,13
46,496,501,4
46,755,48,27
46,568,489,57
46,502,183,7
46,237,1089,25
46,271,1035,24
46,411,1175,19
46,410,1228,17
46,410,1139,20
46,551,1296,23
46,547,1327,22
46,549,1359,21
46,566,532,41
46,562,588,39
46,781,438,63
46,141,455,65
46,98,844,64
46,834,1145,67
46,662,1030,68
46,936,1281,69
46,186,22,70
46,470,30,71
47,996,194,14
47,641,328,8
47,856,132,13
47,496,487,4
47,755,25,27
47,566,504,57
47,504,167,7
47,232,1105,25
47,270,1049,24
47,411,1189,19
47,410,1236,17
47,410,1156,20
47,549,1312,23
47,549,1342,22
47,548,1372,21
47,563,543,41
47,564,602,39
47,779,457,63
47,140,481,65
47,95,834,64
47,835,1137,67
47,661,1014,68
47,935,1275,69
47,187,42,70
47,470,45,71
47,468,4,72
47,863,1373,73
48,997,182,14
48,639,312,8
48,856,121,13
48,495,469,4
48,753,10,27
48,565,527,57
48,503,155,7
48,233,1115,25
48,271,1059,24
48,408,1204,19
48,408,1250,17
48,410,1169,20
48,549,1335,23
48,547,1366,22
48,562,562,41
48,562,627,39
48,777,479,63
48,141,497,65
48,98,812,64
48,836,1124,67
48,659,997,68
48,936,1272,69
48,184,58,70
48,468,48,71
48,468,7,72
48,864,1357,73
49,998,156,14
49,642,295,8
49,857,101,13
49,495,455,4
49,755,2,27
49,565,542,57
49,504,130,7
49,236,1131,25
49,271,1065,24
49,409,1218,19
49,406,1276,17
49,409,1179,20
49,548,1360,23
49,563,581,41
49,564,649,39
49,780,497,63
49,140,512,65
49,98,794,64
49,836,1116,67
49,661,981,68
49,936,1253,69
49,184,73,70
49,470,62,71
49,467,17,72
49,866,1331,73
50,997,142,14
50,641,280,8
50,858,86,13
50,496,439,4
50,565,557,57
50,504,108,7
50,233,1150,25
50,271,1086,24
50,407,1230,19
50,406,1278,17
50,409,1195,20
50,563,597,41
50,561,661,39
50,779,513,63
50,140,526,65
50,98,769,64
50,834,1101,67
50,662,960,68
50,937,1250,69
50,184,87,70
50,469,71,71
50,467,30,72
50,866,1313,73
50,293,1,74
51,997,131,14
51,642,263,8
51,858,70,13
51,497,421,4
51,565,578,57
51,503,85,7
51,233,1156,25
51,270,1089,24
51,407,1245,19
51,406,1285,17
51,409,1207,20
51,562,612,41
51,562,674,39
51,776,531,63
51,139,544,65
51,100,744,64
51,835,1090,67
51,662,939,68
51,937,1240,69
51,183,103,70
51,469,92,71
51,468,51,72
51,865,1288,73
51,294,17,74
52,998,117,14
52,643,245,8
52,859,51,13
52,497,403,4
52,564,593,57
52,506,69,7
52,230,1168,25
52,272,1101,24
52,407,1258,19
52,406,1303,17
52,408,1221,20
52,562,632,41
52,561,702,39
52,777,546,63
52,139,559,65
52,98,727,64
52,836,1081,67
52,662,921,68
52,938,1233,69
52,183,118,70
52,469,105,71
52,467,65,72
52,867,1270,73
52,293,45,74
53,1000,100,14
53,643,225,8
53,860,34,13
53,497,395,4
53,564,606,57
53,508,54,7
53,231,1178,25
53,270,1110,24
53,407,1270,19
53,406,1319,17
53,408,1239,20
53,562,647,41
53,561,713,39
53,777,560,63
53,138,582,65
53,100,703,64
53,835,1067,67
53,663,904,68
53,937,1229,69
53,183,132,70
53,469,129,71
53,467,82,72
53,865,1243,73
53,289,56,74
54,1002,93,14
54,643,214,8
54,861,11,13
54,498,382,4
54,564,622,57
54,505,42,7
54,232,1189,25
54,270,1125,24
54,408,1286,19
54,408,1333,17
54,408,1253,20
54,562,662,41
54,561,718,39
54,775,572,63
54,138,598,65
54,102,684,64
54,836,1055,67
54,666,878,68
54,935,1216,69
54,182,147,70
54,466,150,71
54,466,98,72
54,866,1224,73
54,291,72,74
55,1001,78,14
55,644,196,8
55,497,367,4
55,563,630,57
55,506,38,7
55,230,1207,25
55,267,1135,24
55,408,1303,19
55,405,1345,17
55,409,1267,20
55,562,673,41
55,562,729,39
55,777,595,63
55,138,615,65
55,99,657,64
55,838,1041,67
55,662,861,68
55,936,1207,69
55,182,170,70
55,466,162,71
55,467,125,72
55,869,1202,73
55,289,90,74
56,999,61,14
56,643,180,8
56,497,353,4
56,561,642,57
56,507,25,7
56,230,1216,25
56,268,1144,24
56,408,1313,19
56,404,1355,17
56,406,1278,20
56,562,693,41
56,558,747,39
56,776,611,63
56,138,639,65
56,100,640,64
56,838,1028,67
56,663,838,68
56,936,1205,69
56,182,189,70
56,465,183,71
56,468,138,72
56,868,1182,73
56,289,105,74
57,999,47,14
57,643,157,8
57,498,335,4
57,563,671,57
57,505,-3,7
57,231,1222,25
57,269,1149,24
57,405,1327,19
57,405,1370,17
57,408,1292,20
57,561,711,41
57,559,775,39
57,774,627,63
57,135,652,65
57,100,618,64
57,837,1022,67
57,663,817,68
57,938,1192,69
57,180,205,70
57,465,188,71
57,467,149,72
57,869,1160,73
57,289,128,74
58,1000,27,14
58,643,142,8
58,499,320,4
58,563,689,57
58,229,1242,25
58,228,1372,60
58,269,1158,24
58,404,1345,19
58,406,1305,20
58,560,730,41
58,560,789,39
58,774,638,63
58,136,673,65
58,100,595,64
58,837,1017,67
58,665,801,68
58,938,1189,69
58,180,220,70
58,466,200,71
58,467,158,72
58,868,1137,73
58,289,139,74
59,1001,17,14
59,644,126,8
59,500,308,4
59,562,700,57
59,231,1255,25
59,229,1360,60
59,268,1173,24
59,401,1359,19
59,405,1318,20
59,561,742,41
59,560,798,39
59,774,658,63
59,136,687,65
59,102,583,64
59,838,1008,67
59,666,782,68
59,938,1179,69
59,179,236,70
59,465,220,71
59,466,178,72
59,870,1113,73
59,289,161,74
59,511,1370,75
60,1001,10,14
60,647,109,8
60,499,288,4
60,561,715,57
60,230,1266,25
60,225,1342,60
60,267,1180,24
60,404,1369,19
60,406,1332,20
60,558,752,41
60,559,819,39
60,774,670,63
60,136,709,65
60,102,565,64
60,838,997,67
60,667,762,68
60,940,1170,69
60,180,250,70
60,464,240,71
60,466,196,72
60,870,1098,73
60,289,179,74
60,512,1353,75
61,1003,11,14
61,645,94,8
61,500,270,4
61,561,731,57
61,231,1270,25
61,229,1325,60
61,267,1191,24
61,405,1341,20
61,559,772,41
61,559,834,39
61,774,679,63
61,135,728,65
61,102,543,64
61,839,984,67
61,664,745,68
61,937,1158,69
61,180,260,70
61,465,251,71
61,465,211,72
61,870,1074,73
61,286,199,74
61,511,1337,75
62,1002,5,14
62,645,84,8
62,500,253,4
62,561,751,57
62,231,1277,25
62,227,1312,60
62,267,1195,24
62,405,1357,20
62,558,788,41
62,555,849,39
62,774,700,63
62,135,743,65
62,103,518,64
62,840,982,67
62,666,728,68
62,937,1150,69
62,179,272,70
62,465,266,71
62,463,226,72
62,872,1053,73
62,287,215,74
62,512,1324,75
62,221,5,76
63,645,61,8
63,500,243,4
63,561,767,57
63,229,1280,25
63,228,1312,60
63,267,1202,24
63,403,1369,20
63,560,808,41
63,556,859,39
63,775,720,63
63,134,764,65
63,105,487,64
63,837,968,67
63,667,709,68
63,938,1136,69
63,179,291,70
63,465,283,71
63,464,245,72
63,872,1032,73
63,287,230,74
63,513,1310,75
63,220,23,76
63,718,3,78
64,645,42,8
64,501,225,4
64,560,780,57
64,230,1283,25
64,229,1310,60
64,264,1215,24
64,561,813,41
64,557,869,39
64,774,739,63
64,133,783,65
64,104,478,64
64,837,959,67
64,667,690,68
64,938,1126,69
64,179,307,70
64,464,311,71
64,462,263,72
64,871,1009,73
64,287,249,74
64,511,1304,75
64,220,38,76
64,719,18,78
65,646,28,8
65,501,213,4
65,559,790,57
65,231,1288,25
65,229,1322,60
65,267,1227,24
65,557,831,41
65,557,886,39
65,775,753,63
65,133,797,65
65,105,457,64
65,838,947,67
65,667,673,68
65,938,1111,69
65,179,324,70
65,463,326,71
65,463,284,72
65,872,984,73
65,285,268,74
65,513,1285,75
65,219,56,76
65,720,36,78
66,646,8,8
66,503,196,4
66,562,806,57
66,230,1299,25
66,228,1335,60
66,267,1235,24
66,557,851,41
66,557,909,39
66,771,776,63
66,133,805,65
66,105,442,64
66,839,945,67
66,668,653,68
66,938,1108,69
66,179,345,70
66,463,340,71
66,461,304,72
66,873,967,73
66,285,283,74
66,513,1265,75
66,218,74,76
66,717,61,78
67,501,189,4
67,560,821,57
67,229,1307,25
67,227,1341,60
67,267,1246,24
67,557,868,41
67,557,926,39
67,771,801,63
67,133,823,65
67,103,423,64
67,839,935,67
67,668,636,68
67,939,1106,69
67,178,364,70
67,463,353,71
67,465,319,72
67,873,944,73
67,286,304,74
67,513,1247,75
67,219,93,76
67,715,72,78
68,502,178,4
68,559,842,57
68,229,1323,25
68,228,1354,60
68,264,1258,24
68,557,886,41
68,556,945,39
68,774,811,63
68,134,839,65
68,104,405,64
68,839,923,67
68,669,614,68
68,939,1106,69
68,177,377,70
68,463,365,71
68,464,331,72
68,873,921,73
68,283,327,74
68,513,1225,75
68,218,113,76
68,716,92,78
69,502,171,4
69,557,852,57
69,230,1330,25
69,229,1369,60
69,266,1266,24
69,558,894,41
69,557,960,39
69,771,823,63
69,133,849,65
69,106,397,64
69,840,911,67
69,668,594,68
69,939,1107,69
69,177,387,70
69,461,391,71
69,464,351,72
69,874,905,73
69,284,343,74
69,515,1209,75
69,217,131,76
69,716,110,78
69,400,0,79
70,502,153,4
70,558,867,57
70,229,1355,25
70,267,1288,24
70,558,906,41
70,556,966,39
70,774,837,63
70,133,867,65
70,107,376,64
70,841,902,67
70,669,570,68
70,940,1107,69
70,178,409,70
70,461,403,71
70,463,361,72
70,876,883,73
70,285,359,74
70,514,1191,75
70,217,153,76
70,717,122,78
70,399,17,79
71,504,140,4
71,557,879,57
71,229,1365,25
71,267,1292,24
71,556,923,41
71,556,976,39
71,773,846,63
71,132,887,65
71,108,350,64
71,842,891,67
71,669,556,68
71,940,1107,69
71,177,426,70
71,462,417,71
71,462,374,72
71,874,869,73
71,283,379,74
71,515,1171,75
71,216,171,76
71,715,141,78
71,394,37,79
72,502,123,4
72,557,895,57
72,229,1375,25
72,267,1303,24
72,556,939,41
72,555,1003,39
72,773,856,63
72,131,899,65
72,107,333,64
72,842,892,67
72,671,539,68
72,940,1107,69
72,177,441,70
72,462,427,71
72,460,393,72
72,875,849,73
72,283,398,74
72,517,1153,75
72,218,193,76
72,714,156,78
72,395,54,79
72,222,6,80
73,503,112,4
73,558,916,57
73,267,1310,24
73,553,966,41
73,557,1026,39
73,772,878,63
73,131,913,65
73,108,311,64
73,842,877,67
73,671,525,68
73,940,1107,69
73,176,461,70
73,462,443,71
73,462,405,72
73,876,827,73
73,283,425,74
73,517,1143,75
73,216,211,76
73,713,166,78
73,397,72,79
73,221,24,80
74,502,102,4
74,555,931,57
74,264,1319,24
74,554,974,41
74,556,1031,39
74,770,888,63
74,131,933,65
74,109,285,64
74,841,868,67
74,672,502,68
74,937,1099,69
74,175,481,70
74,460,459,71
74,462,424,72
74,877,808,73
74,283,436,74
74,517,1115,75
74,216,229,76
74,713,186,78
74,395,97,79
74,221,37,80
75,504,96,4
75,558,946,57
75,264,1333,24
75,554,992,41
75,553,1047,39
75,770,912,63
75,129,955,65
75,108,270,64
75,840,851,67
75,672,492,68
75,940,1106,69
75,174,500,70
75,459,485,71
75,460,439,72
75,878,787,73
75,281,458,74
75,517,1110,75
75,216,245,76
75,715,208,78
75,396,113,79
75,220,59,80
75,1103,9,86
76,503,84,4
76,556,957,57
76,264,1348,24
76,555,1001,41
76,554,1060,39
76,768,931,63
76,129,970,65
76,108,254,64
76,841,836,67
76,671,473,68
76,940,1108,69
76,175,518,70
76,459,501,71
76,459,456,72
76,878,769,73
76,282,479,74
76,517,1107,75
76,216,253,76
76,713,220,78
76,395,143,79
76,220,78,80
76,1102,18,86
77,504,71,4
77,554,974,57
77,264,1355,24
77,553,1014,41
77,553,1076,39
77,770,950,63
77,131,982,65
77,108,236,64
77,843,828,67
77,673,455,68
77,940,1111,69
77,174,523,70
77,459,520,71
77,458,476,72
77,877,745,73
77,281,492,74
77,517,1095,75
77,215,275,76
77,712,226,78
77,395,161,79
77,218,93,80
77,1101,23,86
78,505,58,4
78,554,991,57
78,266,1359,24
78,555,1029,41
78,552,1087,39
78,768,962,63
78,131,1002,65
78,112,219,64
78,841,820,67
78,672,435,68
78,940,1110,69
78,175,529,70
78,459,524,71
78,458,487,72
78,879,727,73
78,281,509,74
78,516,1079,75
78,213,296,76
78,713,228,78
78,394,182,79
78,217,106,80
78,1101,30,86
79,505,35,4
79,555,1005,57
79,264,1366,24
79,553,1048,41
79,553,1098,39
79,768,974,63
79,128,1017,65
79,107,197,64
79,839,812,67
79,673,413,68
79,940,1110,69
79,174,553,70
79,459,535,71
79,458,497,72
79,876,712,73
79,280,537,74
79,519,1054,75
79,215,317,76
79,713,239,78
79,393,203,79
79,217,122,80
79,1101,35,86
80,505,23,4
80,555,1012,57
80,263,1374,24
80,552,1053,41
80,553,1108,39
80,768,994,63
80,129,1034,65
80,111,182,64
80,842,797,67
80,675,389,68
80,940,1110,69
80,173,573,70
80,459,554,71
80,460,516,72
80,878,693,73
80,281,555,74
80,519,1037,75
80,210,334,76
80,714,257,78
80,391,231,79
80,218,145,80
80,400,3,81
80,1101,52,86
81,507,9,4
81,555,1023,57
81,553,1066,41
81,553,1123,39
81,767,1008,63
81,129,1048,65
81,111,165,64
81,842,790,67
81,675,366,68
81,940,1110,69
81,174,592,70
81,459,569,71
81,458,529,72
81,880,670,73
81,280,574,74
81,518,1024,75
81,213,355,76
81,713,274,78
81,394,247,79
81,216,164,80
81,398,12,81
81,1100,67,86
82,507,14,4
82,554,1037,57
82,552,1075,41
82,552,1140,39
82,767,1018,63
82,128,1075,65
82,114,143,64
82,842,774,67
82,674,346,68
82,940,1110,69
82,173,613,70
82,459,587,71
82,458,546,72
82,880,648,73
82,280,587,74
82,518,1009,75
82,212,377,76
82,712,285,78
82,394,266,79
82,217,185,80
82,398,28,81
82,1099,91,86
83,506,10,4
83,553,1056,57
83,556,1103,41
83,551,1166,39
83,766,1029,63
83,128,1091,65
83,111,121,64
83,844,760,67
83,674,336,68
83,940,1110,69
83,171,627,70
83,458,604,71
83,458,568,72
83,881,639,73
83,279,612,74
83,518,990,75
83,212,399,76
83,712,307,78
83,393,287,79
83,216,202,80
83,398,40,81
83,398,2,82
83,1100,103,86
84,508,8,4
84,554,1072,57
84,551,1120,41
84,549,1173,39
84,766,1049,63
84,127,1109,65
84,111,98,64
84,842,750,67
84,676,306,68
84,940,1110,69
84,172,648,70
84,458,620,71
84,458,583,72
84,881,621,73
84,279,634,74
84,518,979,75
84,211,422,76
84,711,317,78
84,392,308,79
84,215,225,80
84,397,55,81
84,398,14,82
84,186,0,84
84,577,3,85
84,1101,115,86
85,553,1085,57
85,551,1129,41
85,551,1192,39
85,765,1060,63
85,127,1128,65
85,111,78,64
85,843,734,67
85,676,293,68
85,940,1110,69
85,171,665,70
85,457,639,71
85,458,600,72
85,881,602,73
85,278,647,74
85,519,962,75
85,212,433,76
85,710,333,78
85,389,333,79
85,217,240,80
85,397,71,81
85,398,30,82
85,185,20,84
85,505,1,4
85,577,19,85
85,1099,131,86
86,552,1100,57
86,550,1144,41
86,549,1201,39
86,765,1074,63
86,127,1143,65
86,112,64,64
86,842,724,67
86,676,284,68
86,940,1110,69
86,170,676,70
86,457,656,71
86,455,617,72
86,882,582,73
86,278,664,74
86,519,940,75
86,213,447,76
86,711,347,78
86,391,349,79
86,215,254,80
86,396,85,81
86,398,43,82
86,399,3,83
86,185,36,84
86,507,1,4
86,576,36,85
86,1099,149,86
87,553,1112,57
87,553,1156,41
87,551,1216,39
87,766,1096,63
87,125,1171,65
87,112,46,64
87,843,713,67
87,676,267,68
87,940,1110,69
87,171,688,70
87,457,672,71
87,456,640,72
87,882,564,73
87,278,683,74
87,521,923,75
87,211,467,76
87,709,369,78
87,390,378,79
87,215,274,80
87,395,98,81
87,397,57,82
87,399,14,83
87,185,54,84
87,574,44,85
87,1098,163,86
87,933,1374,87
88,553,1125,57
88,549,1170,41
88,549,1228,39
88,767,1111,63
88,124,1181,65
88,113,23,64
88,844,703,67
88,676,249,68
88,939,1124,69
88,170,708,70
88,456,682,71
88,456,639,72
88,882,545,73
88,277,707,74
88,522,914,75
88,210,485,76
88,709,384,78
88,391,402,79
88,214,295,80
88,396,115,81
88,397,76,82
88,398,28,83
88,183,71,84
88,578,68,85
88,1100,183,86
88,934,1367,87
89,551,1145,57
89,549,1187,41
89,547,1248,39
89,765,1135,63
89,126,1195,65
89,114,0,64
89,844,698,67
89,676,229,68
89,938,1126,69
89,171,730,70
89,456,684,71
89,456,645,72
89,883,526,73
89,277,725,74
89,520,901,75
89,209,505,76
89,708,394,78
89,388,423,79
89,214,312,80
89,395,134,81
89,397,90,82
89,398,44,83
89,181,91,84
89,576,74,85
89,1099,196,86
89,935,1361,87
90,551,1161,57
90,549,1205,41
90,549,1267,39
90,765,1146,63
90,124,1207,65
90,845,686,67
90,676,210,68
90,938,1147,69
90,171,749,70
90,457,701,71
90,456,662,72
90,883,514,73
90,276,743,74
90,522,882,75
90,211,513,76
90,709,394,78
90,388,445,79
90,214,330,80
90,395,146,81
90,398,105,82
90,397,58,83
90,181,107,84
90,574,71,85
90,1099,213,86
90,935,1347,87
91,551,1169,57
91,549,1214,41
91,549,1278,39
91,761,1163,63
91,125,1229,65
91,844,674,67
91,676,180,68
91,938,1146,69
91,169,767,70
91,455,720,71
91,456,682,72
91,884,499,73
91,277,763,74
91,521,866,75
91,210,532,76
91,709,401,78
91,390,464,79
91,214,349,80
91,395,156,81
91,397,116,82
91,395,71,83
91,181,124,84
91,574,73,85
91,1097,229,86
91,934,1339,87
91,49,1368,88
92,551,1175,57
92,549,1221,41
92,549,1285,39
92,763,1186,63
92,124,1240,65
92,844,658,67
92,677,167,68
92,938,1149,69
92,169,779,70
92,455,735,71
92,454,695,72
92,883,481,73
92,275,783,74
92,521,844,75
92,209,546,76
92,709,415,78
92,387,485,79
92,214,373,80
92,395,174,81
92,397,131,82
92,395,86,83
92,179,147,84
92,575,84,85
92,1100,242,86
92,934,1332,87
92,49,1349,88
93,551,1188,57
93,549,1226,41
93,549,1290,39
93,764,1200,63
93,125,1258,65
93,844,642,67
93,678,151,68
93,938,1150,69
93,169,791,70
93,455,748,71
93,454,709,72
93,885,459,73
93,277,801,74
93,524,824,75
93,209,564,76
93,707,436,78
93,389,509,79
93,213,383,80
93,396,187,81
93,394,148,82
93,394,98,83
93,182,160,84
93,575,88,85
93,1098,254,86
93,934,1322,87
93,50,1331,88
94,550,1198,57
94,549,1242,41
94,549,1301,39
94,760,1221,63
94,122,1278,65
94,842,643,67
94,679,138,68
94,939,1158,69
94,169,799,70
94,455,760,71
94,453,721,72
94,884,438,73
94,274,815,74
94,522,810,75
94,209,579,76
94,709,457,78
94,386,529,79
94,213,403,80
94,394,199,81
94,395,159,82
94,395,112,83
94,181,169,84
94,574,106,85
94,1098,265,86
94,935,1317,87
94,49,1317,88
95,552,1212,57
95,549,1254,41
95,548,1311,39
95,764,1233,63
95,122,1295,65
95,846,630,67
95,680,139,68
95,938,1168,69
95,170,812,70
95,453,781,71
95,454,737,72
95,886,429,73
95,274,835,74
95,522,787,75
95,207,598,76
95,707,466,78
95,388,553,79
95,212,423,80
95,394,201,81
95,395,162,82
95,395,116,83
95,182,186,84
95,572,123,85
95,1098,277,86
95,935,1311,87
95,51,1303,88
96,549,1226,57
96,548,1270,41
96,546,1328,39
96,762,1258,63
96,125,1310,65
96,845,622,67
96,679,142,68
96,937,1173,69
96,169,827,70
96,453,802,71
96,452,756,72
96,886,414,73
96,274,855,74
96,526,765,75
96,208,615,76
96,708,482,78
96,386,573,79
96,213,440,80
96,395,208,81
96,395,166,82
96,395,123,83
96,181,207,84
96,572,139,85
96,1098,293,86
96,935,1306,87
96,51,1288,88
97,550,1234,57
97,548,1275,41
97,547,1336,39
97,762,1265,63
97,123,1329,65
97,844,612,67
97,681,145,68
97,938,1189,69
97,168,849,70
97,454,813,71
97,453,771,72
97,886,400,73
97,274,873,74
97,523,755,75
97,207,630,76
97,707,494,78
97,386,594,79
97,212,456,80
97,396,216,81
97,395,172,82
97,394,130,83
97,180,229,84
97,573,152,85
97,1098,303,86
97,935,1304,87
97,52,1278,88
98,550,1241,57
98,549,1289,41
98,547,1345,39
98,761,1282,63
98,120,1346,65
98,845,606,67
98,681,148,68
98,939,1203,69
98,167,869,70
98,453,833,71
98,454,793,72
98,887,377,73
98,274,898,74
98,524,735,75
98,207,648,76
98,707,511,78
98,386,618,79
98,212,472,80
98,395,225,81
98,395,180,82
98,394,140,83
98,179,242,84
98,574,173,85
98,1095,316,86
98,935,1304,87
98,51,1265,88
99,550,1255,57
99,549,1295,41
99,547,1359,39
99,763,1305,63
99,119,1363,65
99,846,599,67
99,681,145,68
99,938,1208,69
99,166,882,70
99,453,849,71
99,451,804,72
99,888,358,73
99,274,916,74
99,525,720,75
99,207,670,76
99,707,528,78
99,385,639,79
99,211,495,80
99,392,234,81
99,395,197,82
99,395,156,83
99,179,261,84
99,573,202,85
99,1096,325,86
99,935,1304,87
99,51,1251,88
100,549,1277,57
100,549,1312,41
100,546,1366,39
100,758,1324,63
100,847,588,67
100,681,139,68
100,937,1211,69
100,166,896,70
100,452,863,71
100,452,818,72
100,887,334,73
100,274,934,74
100,525,710,75
100,205,694,76
100,707,541,78
100,384,663,79
100,211,518,80
100,393,258,81
100,394,214,82
100,395,172,83
100,180,280,84
100,573,215,85
100,1098,344,86
100,935,1295,87
100,51,1228,88
101,549,1283,57
101,549,1323,41
101,546,1376,39
101,760,1348,63
101,846,579,67
101,681,119,68
101,937,1221,69
101,167,910,70
101,450,871,71
101,452,831,72
101,888,309,73
101,273,952,74
101,525,698,75
101,206,713,76
101,704,554,78
101,383,689,79
101,210,530,80
101,392,268,81
101,393,226,82
101,394,182,83
101,179,296,84
101,570,230,85
101,1098,359,86
101,936,1295,87
101,52,1219,88
102,548,1300,57
102,547,1338,41
102,761,1356,63
102,847,569,67
102,680,103,68
102,935,1240,69
102,166,927,70
102,452,888,71
102,451,846,72
102,888,292,73
102,271,974,74
102,525,674,75
102,206,739,76
102,705,568,78
102,382,706,79
102,210,550,80
102,392,276,81
102,393,234,82
102,394,190,83
102,178,316,84
102,570,245,85
102,1096,378,86
102,936,1311,87
102,53,1202,88
103,548,1317,57
103,548,1360,41
103,761,1372,63
103,847,560,67
103,679,100,68
103,935,1245,69
103,165,944,70
103,451,900,71
103,451,859,72
103,888,272,73
103,270,997,74
103,526,650,75
103,206,753,76
103,705,575,78
103,383,721,79
103,209,569,80
103,392,284,81
103,393,245,82
103,394,198,83
103,178,336,84
103,569,264,85
103,1097,391,86
103,934,1326,87
103,53,1186,88
104,549,1331,57
104,546,1372,41
104,846,557,67
104,681,93,68
104,935,1250,69
104,165,955,70
104,450,923,71
104,449,878,72
104,889,255,73
104,270,1019,74
104,526,645,75
104,205,771,76
104,705,582,78
104,383,739,79
104,209,588,80
104,393,294,81
104,393,250,82
104,393,207,83
104,177,351,84
104,569,282,85
104,1096,396,86
104,934,1344,87
104,53,1176,88
104,470,3,91
105,547,1343,57
105,847,553,67
105,682,83,68
105,936,1252,69
105,165,965,70
105,449,941,71
105,451,896,72
105,889,236,73
105,270,1042,74
105,527,631,75
105,205,789,76
105,704,601,78
105,381,760,79
105,209,608,80
105,391,303,81
105,392,260,82
105,393,214,83
105,178,365,84
105,571,302,85
105,1096,406,86
105,934,1357,87
105,54,1161,88
105,470,7,91
106,549,1358,57
106,847,552,67
106,683,71,68
106,937,1254,69
106,165,973,70
106,449,957,71
106,451,915,72
106,890,212,73
106,270,1064,74
106,527,611,75
106,204,804,76
106,703,620,78
106,382,782,79
106,207,626,80
106,392,306,81
106,392,268,82
106,393,222,83
106,176,392,84
106,568,315,85
106,1095,416,86
106,933,1372,87
106,55,1144,88
106,469,15,91
107,546,1366,57
107,846,538,67
107,682,67,68
107,937,1259,69
107,165,988,70
107,450,965,71
107,451,923,72
107,891,193,73
107,270,1089,74
107,529,588,75
107,204,824,76
107,704,638,78
107,381,808,79
107,207,644,80
107,392,307,81
107,393,271,82
107,393,225,83
107,177,409,84
107,569,322,85
107,1096,439,86
107,55,1136,88
107,469,13,91
108,546,1366,57
108,847,526,67
108,682,48,68
108,937,1260,69
108,164,1012,70
108,450,977,71
108,451,938,72
108,891,181,73
108,269,1104,74
108,527,565,75
108,202,844,76
108,704,648,78
108,380,828,79
108,208,662,80
108,390,311,81
108,393,272,82
108,393,226,83
108,176,426,84
108,571,317,85
108,1095,453,86
108,55,1117,88
108,468,19,91
109,847,515,67
109,681,36,68
109,935,1267,69
109,164,1029,70
109,450,995,71
109,449,956,72
109,892,163,73
109,268,1128,74
109,528,542,75
109,203,860,76
109,704,656,78
109,379,851,79
109,207,682,80
109,392,311,81
109,393,278,82
109,394,235,83
109,176,445,84
109,569,324,85
109,1095,459,86
109,56,1101,88
109,468,23,91
110,849,501,67
110,682,30,68
110,935,1272,69
110,164,1047,70
110,448,1016,71
110,450,972,72
110,892,147,73
110,267,1143,74
110,529,526,75
110,204,890,76
110,704,660,78
110,380,871,79
110,206,698,80
110,391,320,81
110,392,283,82
110,393,240,83
110,176,464,84
110,567,339,85
110,1094,471,86
110,56,1088,88
110,469,27,91
111,849,492,67
111,682,5,68
111,935,1272,69
111,163,1062,70
111,448,1034,71
111,450,986,72
111,892,137,73
111,268,1169,74
111,529,510,75
111,203,900,76
111,704,677,78
111,380,891,79
111,205,720,80
111,392,325,81
111,392,292,82
111,394,245,83
111,175,481,84
111,568,357,85
111,1094,483,86
111,57,1068,88
111,469,33,91
112,849,481,67
112,681,0,68
112,937,1280,69
112,163,1075,70
112,447,1045,71
112,449,1001,72
112,893,126,73
112,266,1186,74
112,529,493,75
112,201,922,76
112,703,691,78
112,379,909,79
112,205,733,80
112,392,332,81
112,392,297,82
112,393,252,83
112,176,497,84
112,567,377,85
112,1094,499,86
112,58,1044,88
112,470,36,91
113,848,471,67
113,934,1282,69
113,163,1082,70
113,447,1057,71
113,449,1018,72
113,893,107,73
113,266,1210,74
113,529,476,75
113,201,942,76
113,701,701,78
113,379,934,79
113,206,753,80
113,391,341,81
113,391,305,82
113,393,262,83
113,174,511,84
113,568,390,85
113,1093,517,86
113,56,1033,88
113,470,38,91
114,849,462,67
114,937,1285,69
114,163,1084,70
114,447,1061,71
114,449,1023,72
114,894,89,73
114,266,1228,74
114,530,461,75
114,200,956,76
114,702,714,78
114,378,955,79
114,205,770,80
114,391,352,81
114,390,314,82
114,393,269,83
114,174,534,84
114,565,406,85
114,1093,532,86
114,56,1019,88
114,469,41,91
115,849,460,67
115,940,1289,69
115,163,1097,70
115,448,1077,71
115,449,1034,72
115,892,74,73
115,264,1250,74
115,530,442,75
115,199,964,76
115,702,731,78
115,379,978,79
115,203,791,80
115,390,358,81
115,391,321,82
115,393,278,83
115,174,551,84
115,565,414,85
115,1093,546,86
115,57,993,88
115,469,46,91
115,471,4,92
116,851,446,67
116,938,1293,69
116,162,1118,70
116,448,1096,71
116,448,1052,72
116,894,60,73
116,264,1264,74
116,530,424,75
116,199,976,76
116,702,756,78
116,378,998,79
116,202,811,80
116,390,365,81
116,392,335,82
116,391,288,83
116,174,568,84
116,565,425,85
116,1092,546,86
116,57,975,88
116,469,54,91
116,471,13,92
117,848,438,67
117,938,1293,69
117,162,1132,70
117,445,1109,71
117,449,1066,72
117,895,46,73
117,265,1284,74
117,530,419,75
117,201,988,76
117,703,775,78
117,377,1018,79
117,202,824,80
117,391,381,81
117,391,346,82
117,392,297,83
117,173,584,84
117,566,437,85
117,1092,555,86
117,58,954,88
117,467,69,91
117,470,27,92
118,849,437,67
118,936,1302,69
118,162,1154,70
118,447,1127,71
118,445,1084,72
118,895,23,73
118,264,1308,74
118,532,415,75
118,199,1004,76
118,701,786,78
118,376,1036,79
118,202,843,80
118,391,396,81
118,390,360,82
118,391,314,83
118,173,608,84
118,567,465,85
118,1093,566,86
118,60,939,88
118,467,80,91
118,469,50,92
119,848,428,67
119,936,1305,69
119,161,1171,70
119,446,1146,71
119,446,1098,72
119,895,4,73
119,262,1330,74
119,531,401,75
119,198,1019,76
119,701,788,78
119,376,1058,79
119,202,860,80
119,389,410,81
119,389,374,82
119,390,328,83
119,173,621,84
119,564,486,85
119,1092,580,86
119,59,920,88
119,468,98,91
119,468,63,92
120,849,429,67
120,935,1313,69
120,161,1187,70
120,445,1156,71
120,446,1112,72
120,262,1345,74
120,531,383,75
120,198,1029,76
120,701,800,78
120,376,1079,79
120,202,882,80
120,389,425,81
120,389,383,82
120,390,336,83
120,171,639,84
120,564,505,85
120,1093,593,86
120,60,902,88
120,466,113,91
120,468,79,92
121,851,412,67
121,935,1326,69
121,160,1209,70
121,445,1175,71
121,446,1131,72
121,263,1360,74
121,533,361,75
121,198,1043,76
121,701,804,78
121,375,1098,79
121,202,894,80
121,388,437,81
121,389,398,82
121,391,349,83
121,171,660,84
121,563,524,85
121,1090,614,86
121,60,880,88
121,466,137,91
121,468,99,92
122,849,404,67
122,935,1333,69
122,158,1229,70
122,443,1192,71
122,446,1143,72
122,264,1370,74
122,533,346,75
122,196,1064,76
122,700,814,78
122,375,1119,79
122,202,910,80
122,388,453,81
122,389,409,82
122,391,361,83
122,172,683,84
122,564,544,85
122,1091,629,86
122,61,869,88
122,466,153,91
122,467,125,92
122,935,1374,93
122,86,1363,94
123,850,392,67
123,935,1330,69
123,158,1247,70
123,442,1213,71
123,447,1159,72
123,534,327,75
123,198,1087,76
123,699,836,78
123,375,1136,79
123,201,931,80
123,389,459,81
123,389,423,82
123,390,372,83
123,170,699,84
123,564,557,85
123,1092,643,86
123,62,847,88
123,464,178,91
123,466,142,92
123,936,1370,93
123,86,1345,94
123,13,1373,95
124,850,381,67
124,935,1330,69
124,158,1260,70
124,444,1225,71
124,446,1176,72
124,533,310,75
124,197,1105,76
124,700,848,78
124,375,1161,79
124,201,953,80
124,389,471,81
124,389,429,82
124,391,380,83
124,171,714,84
124,564,569,85
124,1089,656,86
124,62,817,88
124,464,201,91
124,467,166,92
124,933,1368,93
124,86,1326,94
124,14,1351,95
125,850,379,67
125,935,1330,69
125,158,1269,70
125,445,1244,71
125,443,1196,72
125,533,297,75
125,198,1127,76
125,698,859,78
125,374,1186,79
125,201,974,80
125,389,470,81
125,390,431,82
125,390,385,83
125,170,736,84
125,566,579,85
125,1089,665,86
125,62,798,88
125,464,224,91
125,466,183,92
125,935,1368,93
125,87,1307,94
125,14,1330,95
126,852,368,67
126,935,1330,69
126,158,1286,70
126,444,1257,71
126,441,1215,72
126,534,285,75
126,196,1151,76
126,698,869,78
126,372,1204,79
126,200,992,80
126,388,478,81
126,389,443,82
126,391,395,83
126,169,755,84
126,563,592,85
126,1090,682,86
126,63,775,88
126,465,243,91
126,465,205,92
126,934,1370,93
126,87,1284,94
126,16,1308,95
127,852,361,67
127,935,1330,69
127,158,1311,70
127,445,1281,71
127,443,1232,72
127,534,266,75
127,196,1172,76
127,698,885,78
127,371,1231,79
127,200,1012,80
127,388,485,81
127,388,446,82
127,390,400,83
127,169,771,84
127,563,610,85
127,1090,695,86
127,64,754,88
127,464,260,91
127,465,222,92
127,934,1376,93
127,87,1264,94
127,15,1296,95
127,577,3,96
128,851,350,67
128,935,1338,69
128,157,1326,70
128,442,1294,71
128,443,1245,72
128,534,247,75
128,196,1195,76
128,697,902,78
128,372,1250,79
128,199,1032,80
128,388,491,81
128,389,451,82
128,389,404,83
128,169,780,84
128,561,629,85
128,1088,713,86
128,64,743,88
128,463,278,91
128,464,244,92
128,87,1242,94
128,15,1280,95
128,575,18,96
129,853,337,67
129,935,1342,69
129,156,1342,70
129,443,1313,71
129,442,1264,72
129,536,237,75
129,195,1210,76
129,697,907,78
129,372,1269,79
129,200,1050,80
129,387,498,81
129,388,457,82
129,389,413,83
129,169,802,84
129,561,653,85
129,1088,725,86
129,65,718,88
129,463,307,91
129,465,264,92
129,89,1217,94
129,16,1257,95
129,575,34,96
129,575,3,98
130,852,331,67
130,935,1343,69
130,156,1366,70
130,440,1330,71
130,441,1283,72
130,534,223,75
130,195,1230,76
130,698,921,78
130,371,1290,79
130,198,1072,80
130,388,504,81
130,388,462,82
130,390,421,83
130,169,827,84
130,563,668,85
130,1087,738,86
130,65,692,88
130,463,319,91
130,463,285,92
130,90,1199,94
130,16,1235,95
130,574,56,96
130,575,22,98
131,853,323,67
131,934,1350,69
131,156,1376,70
131,440,1342,71
131,443,1299,72
131,536,205,75
131,194,1248,76
131,696,937,78
131,370,1311,79
131,197,1093,80
131,388,513,81
131,388,475,82
131,389,428,83
131,166,841,84
131,561,689,85
131,1088,758,86
131,65,681,88
131,463,335,91
131,464,305,92
131,90,1186,94
131,17,1217,95
131,574,75,96
131,575,41,98
132,854,320,67
132,934,1358,69
132,440,1363,71
132,441,1313,72
132,536,188,75
132,194,1272,76
132,696,947,78
132,369,1331,79
132,196,1115,80
132,387,518,81
132,388,482,82
132,390,436,83
132,167,862,84
132,561,711,85
132,1088,773,86
132,66,660,88
132,461,355,91
132,464,320,92
132,89,1170,94
132,18,1195,95
132,573,90,96
132,573,61,98
133,853,312,67
133,934,1368,69
133,440,1372,71
133,441,1331,72
133,537,174,75
133,194,1295,76
133,696,959,78
133,369,1349,79
133,198,1140,80
133,387,524,81
133,388,488,82
133,389,441,83
133,167,879,84
133,561,729,85
133,1088,786,86
133,66,643,88
133,461,372,91
133,462,346,92
133,90,1171,94
133,18,1174,95
133,573,108,96
133,573,74,98
134,852,310,67
134,933,1379,69
134,441,1350,72
134,538,154,75
134,191,1317,76
134,696,973,78
134,369,1375,79
134,197,1155,80
134,387,527,81
134,388,489,82
134,389,444,83
134,167,901,84
134,560,751,85
134,1088,796,86
134,65,627,88
134,461,401,91
134,462,364,92
134,90,1157,94
134,18,1153,95
134,572,133,96
134,572,94,98
135,852,307,67
135,935,1375,69
135,442,1369,72
135,536,151,75
135,192,1335,76
135,696,993,78
135,197,1174,80
135,387,531,81
135,388,494,82
135,389,447,83
135,166,923,84
135,560,763,85
135,1086,814,86
135,66,604,88
135,461,421,91
135,461,387,92
135,92,1140,94
135,20,1135,95
135,572,148,96
135,573,115,98
136,853,296,67
136,935,1375,69
136,538,138,75
136,192,1346,76
136,695,1009,78
136,196,1195,80
136,387,533,81
136,388,498,82
136,389,449,83
136,167,947,84
136,559,784,85
136,1085,828,86
136,67,589,88
136,459,444,91
136,460,406,92
136,91,1120,94
136,20,1116,95
136,572,173,96
136,573,135,98
137,854,287,67
137,935,1375,69
137,538,131,75
137,191,1357,76
137,695,1022,78
137,196,1205,80
137,387,533,81
137,388,501,82
137,389,453,83
137,165,965,84
137,558,808,85
137,1086,841,86
137,66,570,88
137,460,468,91
137,460,430,92
137,92,1103,94
137,19,1093,95
137,570,195,96
137,571,158,98
138,854,280,67
138,935,1374,69
138,539,133,75
138,192,1370,76
138,695,1036,78
138,194,1223,80
138,387,542,81
138,388,506,82
138,389,460,83
138,162,977,84
138,557,833,85
138,1088,850,86
138,67,552,88
138,459,487,91
138,460,448,92
138,92,1085,94
138,19,1075,95
138,573,211,96
138,573,175,98
139,854,273,67
139,935,1374,69
139,537,111,75
139,694,1057,78
139,194,1238,80
139,387,551,81
139,388,512,82
139,389,469,83
139,163,992,84
139,557,853,85
139,1086,859,86
139,67,534,88
139,458,504,91
139,460,469,92
139,92,1063,94
139,21,1054,95
139,570,227,96
139,571,190,98
140,854,263,67
140,538,88,75
140,693,1061,78
140,193,1265,80
140,387,558,81
140,388,522,82
140,388,478,83
140,163,1016,84
140,556,874,85
140,1086,876,86
140,69,518,88
140,458,518,91
140,459,486,92
140,92,1052,94
140,22,1033,95
140,568,248,96
140,571,205,98
141,854,257,67
141,538,70,75
141,694,1071,78
141,193,1280,80
141,387,571,81
141,386,533,82
141,390,490,83
141,164,1027,84
141,557,893,85
141,1085,897,86
141,67,511,88
141,458,537,91
141,458,503,92
141,92,1035,94
141,22,1014,95
141,568,261,96
141,571,223,98
142,854,251,67
142,539,42,75
142,694,1075,78
142,190,1296,80
142,387,573,81
142,387,538,82
142,389,495,83
142,162,1040,84
142,555,907,85
142,1085,916,86
142,67,486,88
142,457,552,91
142,457,523,92
142,92,1026,94
142,24,992,95
142,568,283,96
142,571,242,98
142,475,1371,99
143,852,238,67
143,539,29,75
143,694,1081,78
143,192,1313,80
143,386,579,81
143,387,545,82
143,388,501,83
143,163,1058,84
143,554,925,85
143,1084,935,86
143,70,466,88
143,456,575,91
143,458,540,92
143,93,1014,94
143,22,973,95
143,567,298,96
143,571,263,98
143,476,1361,99
144,854,227,67
144,540,15,75
144,694,1105,78
144,192,1333,80
144,387,589,81
144,386,555,82
144,387,508,83
144,162,1079,84
144,556,944,85
144,1084,952,86
144,70,445,88
144,455,600,91
144,457,566,92
144,95,989,94
144,23,954,95
144,568,315,96
144,569,278,98
144,475,1348,99
145,854,218,67
145,542,2,75
145,691,1122,78
145,191,1348,80
145,387,598,81
145,386,563,82
145,387,517,83
145,162,1095,84
145,555,966,85
145,1084,966,86
145,70,429,88
145,455,625,91
145,457,587,92
145,93,980,94
145,22,942,95
145,567,332,96
145,567,296,98
145,476,1339,99
146,854,210,67
146,691,1133,78
146,191,1369,80
146,384,613,81
146,386,572,82
146,387,527,83
146,161,1109,84
146,553,986,85
146,1084,980,86
146,69,410,88
146,455,646,91
146,455,610,92
146,94,963,94
146,23,917,95
146,567,349,96
146,567,316,98
146,476,1323,99
147,855,204,67
147,690,1138,78
147,386,614,81
147,387,577,82
147,387,533,83
147,161,1128,84
147,553,1007,85
147,1083,985,86
147,70,395,88
147,455,671,91
147,454,633,92
147,94,944,94
147,24,896,95
147,567,377,96
147,568,338,98
147,475,1303,99
148,855,191,67
148,692,1140,78
148,385,619,81
148,386,582,82
148,387,542,83
148,161,1146,84
148,553,1028,85
148,1082,996,86
148,69,374,88
148,454,692,91
148,453,652,92
148,95,917,94
148,24,875,95
148,566,394,96
148,568,362,98
148,475,1295,99
149,855,182,67
149,693,1151,78
149,385,622,81
149,385,586,82
149,387,545,83
149,161,1160,84
149,551,1050,85
149,1082,1009,86
149,71,358,88
149,454,712,91
149,452,681,92
149,96,900,94
149,25,857,95
149,566,414,96
149,568,378,98
149,476,1285,99
150,855,172,67
150,689,1170,78
150,385,624,81
150,385,590,82
150,386,545,83
150,161,1173,84
150,550,1070,85
150,1084,1015,86
150,71,338,88
150,454,729,91
150,453,696,92
150,94,885,94
150,25,834,95
150,564,438,96
150,566,401,98
150,476,1278,99
151,855,159,67
151,691,1188,78
151,384,627,81
151,385,594,82
151,386,551,83
151,158,1194,84
151,549,1093,85
151,1084,1023,86
151,72,319,88
151,453,743,91
151,454,709,92
151,95,865,94
151,25,814,95
151,564,457,96
151,566,424,98
151,477,1256,99
151,581,1373,100
152,855,150,67
152,691,1203,78
152,384,634,81
152,385,597,82
152,386,556,83
152,159,1215,84
152,549,1119,85
152,1082,1030,86
152,73,293,88
152,453,757,91
152,452,725,92
152,93,847,94
152,24,793,95
152,564,476,96
152,566,439,98
152,477,1247,99
152,581,1371,100
152,512,1375,101
153,855,146,67
153,691,1213,78
153,384,640,81
153,385,603,82
153,386,563,83
153,159,1229,84
153,548,1139,85
153,1080,1045,86
153,73,281,88
153,453,779,91
153,452,744,92
153,95,831,94
153,26,778,95
153,564,499,96
153,564,461,98
153,477,1235,99
153,581,1355,100
153,511,1371,101
153,933,1376,102
154,855,135,67
154,691,1224,78
154,384,653,81
154,385,616,82
154,386,568,83
154,159,1245,84
154,547,1162,85
154,1080,1068,86
154,73,259,88
154,451,802,91
154,452,765,92
154,97,814,94
154,26,763,95
154,563,521,96
154,565,485,98
154,479,1219,99
154,580,1340,100
154,511,1371,101
154,934,1369,102
155,855,126,67
155,690,1243,78
155,383,657,81
155,384,622,82
155,384,577,83
155,157,1266,84
155,548,1180,85
155,1080,1085,86
155,73,246,88
155,451,821,91
155,451,784,92
155,96,798,94
155,27,742,95
155,563,541,96
155,565,507,98
155,478,1212,99
155,584,1322,100
155,509,1359,101
155,933,1361,102
156,856,105,67
156,689,1268,78
156,383,661,81
156,384,629,82
156,385,583,83
156,156,1286,84
156,547,1207,85
156,1080,1101,86
156,73,223,88
156,450,849,91
156,451,812,92
156,97,794,94
156,26,721,95
156,563,563,96
156,565,528,98
156,479,1199,99
156,582,1310,100
156,509,1351,101
156,933,1354,102
157,857,92,67
157,688,1283,78
157,383,671,81
157,384,634,82
157,386,591,83
157,157,1300,84
157,548,1232,85
157,1079,1119,86
157,73,204,88
157,450,867,91
157,451,829,92
157,96,772,94
157,28,706,95
157,562,590,96
157,563,549,98
157,477,1183,99
157,582,1302,100
157,511,1343,101
157,935,1340,102
158,857,84,67
158,688,1296,78
158,383,676,81
158,384,642,82
158,385,598,83
158,156,1322,84
158,547,1256,85
158,1078,1130,86
158,74,184,88
158,449,891,91
158,450,856,92
158,98,745,94
158,28,682,95
158,561,614,96
158,562,575,98
158,478,1171,99
158,583,1297,100
158,510,1332,101
158,934,1330,102
159,857,76,67
159,688,1315,78
159,383,682,81
159,383,647,82
159,384,606,83
159,156,1336,84
159,547,1274,85
159,1078,1149,86
159,76,159,88
159,449,911,91
159,449,874,92
159,99,728,94
159,28,662,95
159,560,633,96
159,562,594,98
159,479,1154,99
159,583,1286,100
159,511,1310,101
159,934,1317,102
160,857,76,67
160,688,1324,78
160,383,689,81
160,383,658,82
160,385,612,83
160,156,1348,84
160,548,1291,85
160,1078,1169,86
160,74,133,88
160,448,933,91
160,449,896,92
160,99,710,94
160,28,640,95
160,560,657,96
160,563,620,98
160,479,1154,99
160,583,1276,100
160,511,1304,101
160,933,1306,102
160,933,1376,103
161,857,64,67
161,688,1333,78
161,382,698,81
161,383,664,82
161,385,621,83
161,154,1368,84
161,546,1308,85
161,1078,1179,86
161,75,112,88
161,448,946,91
161,448,916,92
161,100,693,94
161,28,628,95
161,559,677,96
161,561,640,98
161,479,1149,99
161,583,1262,100
161,511,1285,101
161,934,1294,102
161,933,1368,103
162,858,59,67
162,688,1352,78
162,382,705,81
162,382,671,82
162,386,623,83
162,547,1326,85
162,1078,1190,86
162,74,102,88
162,448,959,91
162,448,931,92
162,100,677,94
162,29,621,95
162,559,692,96
162,562,655,98
162,478,1141,99
162,583,1252,100
162,512,1270,101
162,934,1287,102
162,933,1366,103
163,858,48,67
163,687,1369,78
163,383,705,81
163,382,677,82
163,384,628,83
163,544,1345,85
163,1078,1199,86
163,75,82,88
163,447,977,91
163,447,944,92
163,98,655,94
163,30,617,95
163,559,713,96
163,561,673,98
163,480,1129,99
163,584,1241,100
163,511,1268,101
163,934,1283,102
163,933,1355,103
164,858,37,67
164,382,712,81
164,382,678,82
164,384,636,83
164,545,1371,85
164,1079,1212,86
164,76,61,88
164,447,998,91
164,448,965,92
164,100,636,94
164,30,598,95
164,559,739,96
164,560,698,98
164,479,1123,99
164,583,1227,100
164,512,1256,101
164,935,1282,102
164,933,1345,103
165,858,21,67
165,382,717,81
165,382,682,82
165,384,639,83
165,1078,1224,86
165,77,43,88
165,447,1023,91
165,447,989,92
165,101,622,94
165,30,577,95
165,558,758,96
165,559,719,98
165,480,1110,99
165,582,1213,100
165,511,1249,101
165,935,1273,102
165,933,1340,103
166,857,11,67
166,382,722,81
166,382,686,82
166,384,639,83
166,1078,1238,86
166,77,31,88
166,445,1046,91
166,445,1010,92
166,100,596,94
166,29,555,95
166,558,782,96
166,560,740,98
166,481,1101,99
166,584,1201,100
166,511,1239,101
166,935,1262,102
166,934,1334,103
167,858,1,67
167,382,725,81
167,382,692,82
167,383,644,83
167,1077,1257,86
167,77,15,88
167,445,1070,91
167,445,1035,92
167,101,584,94
167,30,532,95
167,558,798,96
167,559,762,98
167,479,1093,99
167,584,1186,100
167,514,1224,101
167,935,1256,102
167,934,1324,103
168,382,729,81
168,382,693,82
168,383,646,83
168,1078,1272,86
168,444,1097,91
168,446,1059,92
168,102,563,94
168,31,512,95
168,557,824,96
168,558,782,98
168,481,1075,99
168,585,1175,100
168,513,1206,101
168,935,1248,102
168,933,1310,103
169,381,733,81
169,382,697,82
169,384,652,83
169,1076,1291,86
169,443,1115,91
169,445,1082,92
169,101,542,94
169,31,491,95
169,556,843,96
169,557,804,98
169,481,1074,99
169,585,1164,100
169,513,1189,101
169,935,1240,102
169,934,1301,103
170,381,736,81
170,382,701,82
170,384,656,83
170,1076,1307,86
170,443,1138,91
170,444,1103,92
170,102,522,94
170,33,472,95
170,556,859,96
170,556,817,98
170,480,1058,99
170,585,1148,100
170,513,1169,101
170,936,1226,102
170,935,1291,103
171,381,736,81
171,383,706,82
171,384,660,83
171,1075,1323,86
171,444,1155,91
171,445,1124,92
171,102,504,94
171,32,453,95
171,557,878,96
171,557,836,98
171,480,1047,99
171,585,1139,100
171,515,1159,101
171,935,1214,102
171,935,1280,103
172,381,741,81
172,383,710,82
172,382,661,83
172,1075,1339,86
172,441,1169,91
172,445,1135,92
172,104,492,94
172,33,432,95
172,555,901,96
172,557,858,98
172,482,1039,99
172,586,1124,100
172,515,1144,101
172,937,1202,102
172,934,1271,103
173,381,744,81
173,383,713,82
173,384,639,83
173,1075,1355,86
173,442,1179,91
173,444,1147,92
173,102,485,94
173,34,413,95
173,554,922,96
173,555,881,98
173,482,1032,99
173,586,1113,100
173,515,1131,101
173,935,1191,102
173,935,1262,103
174,381,746,81
174,383,713,82
174,383,617,83
174,1075,1367,86
174,443,1209,91
174,442,1175,92
174,103,471,94
174,33,390,95
174,554,943,96
174,555,902,98
174,483,1015,99
174,586,1096,100
174,515,1117,101
174,937,1181,102
174,935,1254,103
175,381,744,81
175,382,713,82
175,384,600,83
175,1074,1378,86
175,442,1236,91
175,443,1199,92
175,104,457,94
175,33,370,95
175,553,961,96
175,554,917,98
175,483,1011,99
175,587,1093,100
175,515,1106,101
175,936,1165,102
175,935,1242,103
176,382,743,81
176,382,713,82
176,384,579,83
176,441,1260,91
176,443,1225,92
176,105,439,94
176,36,350,95
176,553,981,96
176,554,941,98
176,482,1004,99
176,586,1085,100
176,515,1094,101
176,937,1154,102
176,935,1233,103
177,382,744,81
177,382,713,82
177,385,561,83
177,440,1288,91
177,442,1254,92
177,104,415,94
177,35,338,95
177,552,1004,96
177,553,959,98
177,482,986,99
177,586,1076,100
177,515,1084,101
177,938,1139,102
177,936,1223,103
178,382,743,81
178,382,715,82
178,385,543,83
178,439,1315,91
178,442,1277,92
178,105,398,94
178,36,330,95
178,552,1019,96
178,554,979,98
178,483,975,99
178,586,1058,100
178,516,1083,101
178,938,1128,102
178,935,1216,103
178,225,1370,104
179,382,743,81
179,382,715,82
179,387,524,83
179,439,1340,91
179,440,1305,92
179,105,379,94
179,35,320,95
179,552,1037,96
179,554,996,98
179,483,970,99
179,587,1043,100
179,516,1066,101
179,938,1112,102
179,934,1204,103
179,226,1360,104
180,382,743,81
180,384,512,83
180,382,715,82
180,439,1369,91
180,440,1330,92
180,105,359,94
180,36,302,95
180,551,1060,96
180,551,1022,98
180,484,953,99
180,588,1031,100
180,516,1053,101
180,939,1107,102
180,937,1194,103
180,228,1351,104
181,382,743,81
181,388,500,83
181,383,716,82
181,440,1350,92
181,105,349,94
181,37,284,95
181,551,1082,96
181,551,1043,98
181,484,936,99
181,587,1021,100
181,517,1041,101
181,938,1104,102
181,937,1184,103
181,227,1337,104
181,225,1372,105
