1,44,89,0
1,3,668,1
1,1,712,2
1,41,443,3
1,40,494,4
1,39,534,5
1,114,189,6
1,111,552,7
1,30,1101,8
1,69,942,9
1,68,988,10
1,103,970,11
1,180,561,12
1,258,147,13
1,255,179,14
1,255,221,15
1,287,662,16
1,285,712,17
1,353,995,18
1,396,459,19
1,389,924,20
1,399,188,21
1,383,1305,22
1,423,1123,23
1,457,1157,24
1,525,1360,25
1,533,851,26
1,540,240,27
1,574,379,28
1,573,420,29
1,571,596,30
1,570,675,31
1,570,710,32
1,609,459,33
1,646,257,79
1,681,236,81
1,754,87,82
1,636,1132,83
1,746,878,85
1,811,1318,87
1,924,836,89
1,966,248,90
1,1038,170,91
1,1030,838,92
1,1096,1262,93
1,1097,1309,95
1,1001,279,96
2,44,108,0
2,2,683,1
2,0,728,2
2,40,451,3
2,38,506,4
2,40,543,5
2,114,204,6
2,109,564,7
2,29,1119,8
2,68,957,9
2,66,1002,10
2,102,991,11
2,180,585,12
2,256,163,13
2,255,197,14
2,254,239,15
2,286,673,16
2,285,723,17
2,353,1017,18
2,396,472,19
2,389,939,20
2,398,211,21
2,381,1325,22
2,421,1140,23
2,457,1166,24
2,527,1371,25
2,532,859,26
2,541,217,27
2,574,395,28
2,574,434,29
2,571,614,30
2,569,691,31
2,569,728,32
2,609,472,33
2,646,279,79
2,681,263,81
2,753,109,82
2,634,1148,83
2,745,896,85
2,811,1337,87
2,922,854,89
2,965,257,90
2,1037,179,91
2,1030,848,92
2,1096,1281,93
2,1097,1333,95
2,1001,282,96
3,42,120,0
3,1,698,1
3,-1,742,2
3,39,463,3
3,38,512,4
3,39,549,5
3,114,222,6
3,110,576,7
3,29,1128,8
3,68,971,9
3,66,1017,10
3,102,1006,11
3,179,610,12
3,256,182,13
3,255,215,14
3,254,257,15
3,285,682,16
3,285,729,17
3,352,1033,18
3,394,485,19
3,389,949,20
3,398,227,21
3,381,1345,22
3,421,1159,23
3,456,1179,24
3,525,1372,25
3,532,874,26
3,539,206,27
3,573,414,28
3,573,452,29
3,570,630,30
3,569,703,31
3,569,744,32
3,610,487,33
3,645,295,79
3,681,284,81
3,754,129,82
3,635,1158,83
3,745,914,85
3,810,1355,87
3,923,867,89
3,965,266,90
3,1037,189,91
3,1030,858,92
3,1096,1305,93
3,1097,1352,95
3,1001,280,96
4,42,135,0
4,1,712,1
4,-1,758,2
4,39,465,3
4,38,517,4
4,38,553,5
4,113,241,6
4,107,594,7
4,30,1140,8
4,67,988,9
4,67,1031,10
4,102,1022,11
4,179,638,12
4,256,199,13
4,254,229,14
4,254,270,15
4,285,684,16
4,285,733,17
4,352,1050,18
4,395,499,19
4,389,961,20
4,398,243,21
4,381,1365,22
4,421,1169,23
4,457,1196,24
4,526,1372,25
4,530,885,26
4,541,186,27
4,573,424,28
4,573,463,29
4,572,641,30
4,568,715,31
4,569,758,32
4,609,498,33
4,646,314,79
4,681,306,81
4,753,145,82
4,635,1169,83
4,745,931,85
4,810,1372,87
4,922,881,89
4,964,269,90
4,1036,207,91
4,1030,876,92
4,1098,1325,93
4,1096,1372,95
4,1001,283,96
5,44,146,0
5,0,730,1
5,-1,775,2
5,39,469,3
5,38,519,4
5,38,559,5
5,113,256,6
5,108,603,7
5,29,1140,8
5,66,998,9
5,66,1041,10
5,102,1029,11
5,178,660,12
5,256,208,13
5,254,240,14
5,255,281,15
5,285,688,16
5,285,736,17
5,350,1065,18
5,395,508,19
5,389,981,20
5,396,269,21
5,382,1377,22
5,421,1185,23
5,453,1210,24
5,526,1374,25
5,530,893,26
5,541,181,27
5,574,436,28
5,573,477,29
5,572,649,30
5,570,728,31
5,569,769,32
5,608,511,33
5,645,334,79
5,680,329,81
5,753,165,82
5,634,1185,83
5,745,950,85
5,922,895,89
5,965,273,90
5,1036,224,91
5,1030,896,92
5,1098,1346,93
5,1001,279,96
6,44,167,0
6,0,753,1
6,-1,791,2
6,39,478,3
6,38,531,4
6,38,565,5
6,114,276,6
6,110,616,7
6,30,1125,8
6,67,1004,9
6,67,1053,10
6,102,1051,11
6,178,686,12
6,255,227,13
6,254,260,14
6,255,302,15
6,285,697,16
6,285,744,17
6,350,1088,18
6,395,526,19
6,388,992,20
6,395,285,21
6,420,1200,23
6,454,1226,24
6,526,1374,25
6,532,911,26
6,541,159,27
6,573,450,28
6,573,488,29
6,573,663,30
6,572,739,31
6,570,786,32
6,608,519,33
6,646,354,79
6,680,347,81
6,753,184,82
6,633,1203,83
6,744,965,85
6,923,910,89
6,965,276,90
6,1037,240,91
6,1028,911,92
6,1098,1370,93
6,1001,273,96
7,43,182,0
7,-1,766,1
7,-1,810,2
7,39,484,3
7,38,535,4
7,38,573,5
7,111,296,6
7,109,638,7
7,30,1101,8
7,67,1022,9
7,66,1067,10
7,101,1069,11
7,178,712,12
7,257,246,13
7,254,281,14
7,254,324,15
7,283,706,16
7,284,753,17
7,350,1104,18
7,393,544,19
7,388,1012,20
7,397,306,21
7,419,1213,23
7,456,1240,24
7,526,1374,25
7,532,924,26
7,541,147,27
7,573,463,28
7,571,506,29
7,570,673,30
7,571,751,31
7,569,796,32
7,608,536,33
7,644,375,79
7,679,366,81
7,753,199,82
7,633,1219,83
7,744,983,85
7,924,924,89
7,964,285,90
7,1037,241,91
7,1029,919,92
7,1001,278,96
8,43,189,0
8,-2,787,1
8,-1,827,2
8,39,492,3
8,38,545,4
8,38,581,5
8,112,313,6
8,107,646,7
8,32,1084,8
8,65,1035,9
8,67,1083,10
8,101,1092,11
8,180,735,12
8,255,262,13
8,254,299,14
8,254,335,15
8,283,714,16
8,283,764,17
8,349,1122,18
8,393,559,19
8,387,1024,20
8,396,328,21
8,420,1226,23
8,455,1258,24
8,525,1378,25
8,530,928,26
8,541,138,27
8,573,479,28
8,571,515,29
8,570,684,30
8,570,762,31
8,569,808,32
8,607,550,33
8,644,391,79
8,679,387,81
8,752,220,82
8,633,1234,83
8,744,1003,85
8,922,938,89
8,964,297,90
8,1037,244,91
8,1030,928,92
8,1001,284,96
8,401,5,103
9,44,207,0
9,-2,799,1
9,-1,839,2
9,38,500,3
9,38,559,4
9,38,592,5
9,112,336,6
9,107,663,7
9,31,1061,8
9,67,1046,9
9,66,1092,10
9,102,1110,11
9,177,756,12
9,255,277,13
9,255,313,14
9,253,357,15
9,282,726,16
9,283,772,17
9,348,1141,18
9,393,582,19
9,384,1045,20
9,397,346,21
9,420,1242,23
9,455,1269,24
9,525,1378,25
9,531,940,26
9,541,132,27
9,572,490,28
9,572,529,29
9,571,694,30
9,569,775,31
9,569,819,32
9,608,560,33
9,643,410,79
9,679,408,81
9,752,236,82
9,634,1237,83
9,743,1018,85
9,922,951,89
9,965,306,90
9,1035,255,91
9,1029,940,92
9,1001,287,96
9,399,20,103
9,291,0,104
10,43,224,0
10,-2,807,1
10,-1,853,2
10,38,509,3
10,39,563,4
10,37,600,5
10,112,354,6
10,107,676,7
10,31,1050,8
10,66,1055,9
10,66,1103,10
10,101,1129,11
10,179,780,12
10,254,300,13
10,254,332,14
10,252,373,15
10,282,742,16
10,283,790,17
10,349,1157,18
10,394,590,19
10,386,1059,20
10,397,367,21
10,420,1254,23
10,455,1287,24
10,531,954,26
10,541,115,27
10,572,500,28
10,572,538,29
10,571,704,30
10,568,791,31
10,569,830,32
10,606,568,33
10,645,427,79
10,679,429,81
10,752,253,82
10,633,1249,83
10,743,1035,85
10,923,967,89
10,965,316,90
10,1035,268,91
10,1029,951,92
10,1000,290,96
10,400,38,103
10,292,9,104
10,400,-1,106
11,43,234,0
11,-2,824,1
11,-1,867,2
11,39,516,3
11,37,571,4
11,38,608,5
11,112,377,6
11,107,693,7
11,31,1045,8
11,66,1077,9
11,66,1117,10
11,99,1145,11
11,176,802,12
11,256,315,13
11,254,349,14
11,253,393,15
11,282,753,16
11,284,802,17
11,350,1178,18
11,392,609,19
11,387,1070,20
11,397,388,21
11,419,1276,23
11,455,1300,24
11,531,970,26
11,541,95,27
11,572,505,28
11,571,544,29
11,570,713,30
11,569,799,31
11,568,841,32
11,606,580,33
11,644,444,79
11,679,452,81
11,752,267,82
11,633,1259,83
11,743,1052,85
11,921,979,89
11,964,325,90
11,1035,278,91
11,1028,967,92
11,1001,287,96
11,398,54,103
11,293,17,104
11,399,10,106
12,43,256,0
12,-2,838,1
12,-2,882,2
12,38,530,3
12,37,584,4
12,37,619,5
12,112,399,6
12,106,710,7
12,32,1051,8
12,64,1090,9
12,64,1131,10
12,99,1162,11
12,177,821,12
12,254,334,13
12,254,364,14
12,254,404,15
12,281,765,16
12,283,808,17
12,351,1196,18
12,392,624,19
12,387,1081,20
12,395,403,21
12,419,1286,23
12,455,1312,24
12,531,983,26
12,542,79,27
12,572,513,28
12,571,551,29
12,571,722,30
12,569,808,31
12,568,850,32
12,606,591,33
12,644,468,79
12,678,475,81
12,752,282,82
12,633,1274,83
12,742,1066,85
12,921,992,89
12,964,332,90
12,1035,297,91
12,1028,980,92
12,1001,280,96
12,397,70,103
12,293,28,104
12,400,26,106
13,43,270,0
13,-2,851,1
13,-2,896,2
13,37,540,3
13,38,591,4
13,38,631,5
13,112,428,6
13,107,729,7
13,30,1067,8
13,65,1101,9
13,64,1150,10
13,99,1188,11
13,176,850,12
13,257,349,13
13,254,382,14
13,254,420,15
13,282,770,16
13,284,816,17
13,349,1208,18
13,392,644,19
13,386,1097,20
13,394,414,21
13,419,1299,23
13,454,1330,24
13,531,987,26
13,543,73,27
13,572,533,28
13,572,563,29
13,570,735,30
13,569,820,31
13,568,865,32
13,606,603,33
13,644,488,79
13,678,494,81
13,751,294,82
13,632,1291,83
13,742,1080,85
13,920,1005,89
13,964,345,90
13,1034,313,91
13,1028,1002,92
13,1000,279,96
13,397,89,103
13,292,32,104
13,400,45,106
14,43,279,0
14,0,867,1
14,-2,906,2
14,38,549,3
14,38,600,4
14,37,642,5
14,111,450,6
14,108,745,7
14,30,1080,8
14,65,1113,9
14,64,1158,10
14,99,1203,11
14,175,869,12
14,255,365,13
14,254,401,14
14,254,443,15
14,282,772,16
14,284,816,17
14,349,1223,18
14,392,661,19
14,385,1114,20
14,397,437,21
14,418,1315,23
14,454,1343,24
14,530,996,26
14,543,66,27
14,572,545,28
14,571,579,29
14,570,746,30
14,568,832,31
14,568,878,32
14,605,614,33
14,642,509,79
14,678,516,81
14,752,309,82
14,631,1307,83
14,743,1098,85
14,921,1018,89
14,964,358,90
14,1035,332,91
14,1028,1016,92
14,1000,286,96
14,398,108,103
14,292,33,104
14,83,5,105
14,398,62,106
15,42,294,0
15,0,881,1
15,-2,920,2
15,37,558,3
15,37,614,4
15,37,650,5
15,110,470,6
15,106,760,7
15,30,1103,8
15,65,1126,9
15,65,1170,10
15,99,1223,11
15,177,893,12
15,255,380,13
15,252,417,14
15,252,453,15
15,282,773,16
15,284,817,17
15,349,1235,18
15,391,678,19
15,385,1125,20
15,396,454,21
15,418,1331,23
15,454,1361,24
15,531,1004,26
15,541,45,27
15,572,558,28
15,571,599,29
15,569,760,30
15,568,846,31
15,567,895,32
15,607,623,33
15,643,530,79
15,678,538,81
15,750,325,82
15,631,1321,83
15,741,1115,85
15,921,1034,89
15,963,365,90
15,1035,344,91
15,1027,1032,92
15,1001,294,96
15,398,123,103
15,292,36,104
15,81,16,105
15,399,79,106
16,40,309,0
16,0,894,1
16,-2,935,2
16,37,567,3
16,36,619,4
16,37,657,5
16,111,487,6
16,106,768,7
16,30,1124,8
16,65,1140,9
16,64,1184,10
16,98,1237,11
16,175,916,12
16,255,399,13
16,252,433,14
16,255,478,15
16,282,775,16
16,284,819,17
16,347,1258,18
16,391,695,19
16,385,1139,20
16,394,473,21
16,418,1343,23
16,455,1375,24
16,530,1021,26
16,541,34,27
16,571,573,28
16,571,608,29
16,570,774,30
16,568,862,31
16,566,911,32
16,605,619,33
16,642,550,79
16,678,559,81
16,751,340,82
16,632,1336,83
16,742,1137,85
16,920,1049,89
16,963,369,90
16,1034,351,91
16,1027,1044,92
16,1000,300,96
16,398,139,103
16,293,39,104
16,79,33,105
16,399,98,106
17,40,326,0
17,0,910,1
17,-1,948,2
17,38,577,3
17,36,626,4
17,36,665,5
17,111,502,6
17,106,775,7
17,29,1140,8
17,64,1155,9
17,63,1198,10
17,99,1243,11
17,175,935,12
17,254,409,13
17,251,448,14
17,251,487,15
17,283,788,16
17,284,826,17
17,348,1269,18
17,391,715,19
17,385,1154,20
17,396,497,21
17,418,1358,23
17,529,1030,26
17,542,30,27
17,570,585,28
17,569,623,29
17,568,787,30
17,568,872,31
17,567,924,32
17,606,615,33
17,642,570,79
17,677,585,81
17,751,360,82
17,631,1350,83
17,741,1153,85
17,919,1065,89
17,963,370,90
17,1034,359,91
17,1027,1056,92
17,1000,298,96
17,398,160,103
17,293,49,104
17,79,47,105
17,398,116,106
18,42,344,0
18,0,919,1
18,-2,964,2
18,38,579,3
18,38,631,4
18,36,668,5
18,111,516,6
18,106,781,7
18,29,1156,8
18,64,1166,9
18,63,1210,10
18,99,1249,11
18,175,957,12
18,255,427,13
18,252,462,14
18,255,501,15
18,283,791,16
18,284,838,17
18,347,1285,18
18,390,728,19
18,385,1163,20
18,394,516,21
18,417,1371,23
18,529,1043,26
18,542,10,27
18,570,600,28
18,571,640,29
18,569,801,30
18,568,880,31
18,567,940,32
18,606,598,33
18,641,593,79
18,676,608,81
18,751,379,82
18,630,1365,83
18,741,1171,85
18,919,1076,89
18,964,371,90
18,1034,368,91
18,1028,1070,92
18,1001,304,96
18,397,180,103
18,293,56,104
18,79,61,105
18,399,136,106
19,40,357,0
19,-1,935,1
19,-2,978,2
19,38,583,3
19,35,639,4
19,35,676,5
19,111,528,6
19,106,797,7
19,30,1168,8
19,64,1186,9
19,63,1229,10
19,98,1265,11
19,174,982,12
19,253,440,13
19,252,474,14
19,252,511,15
19,283,802,16
19,284,845,17
19,346,1306,18
19,389,745,19
19,385,1186,20
19,393,537,21
19,417,1380,23
19,528,1056,26
19,541,14,27
19,571,614,28
19,571,652,29
19,569,809,30
19,568,882,31
19,566,954,32
19,606,581,33
19,642,612,79
19,677,631,81
19,750,396,82
19,630,1370,83
19,740,1185,85
19,920,1091,89
19,963,376,90
19,1034,386,91
19,1027,1087,92
19,1000,312,96
19,397,204,103
19,293,65,104
19,78,78,105
19,399,158,106
20,40,375,0
20,0,951,1
20,-3,996,2
20,38,600,3
20,36,650,4
20,35,690,5
20,109,544,6
20,105,811,7
20,29,1185,8
20,64,1196,9
20,63,1242,10
20,98,1279,11
20,174,1004,12
20,252,456,13
20,251,488,14
20,253,531,15
20,283,810,16
20,284,857,17
20,347,1323,18
20,390,770,19
20,384,1202,20
20,394,559,21
20,528,1071,26
20,542,20,27
20,571,635,28
20,569,669,29
20,567,822,30
20,568,898,31
20,567,969,32
20,606,568,33
20,641,634,79
20,677,653,81
20,750,415,82
20,631,1380,83
20,740,1202,85
20,920,1102,89
20,963,383,90
20,1035,398,91
20,1026,1102,92
20,999,323,96
20,396,223,103
20,293,73,104
20,78,92,105
20,397,178,106
21,40,394,0
21,-1,970,1
21,-4,1011,2
21,38,611,3
21,36,667,4
21,36,705,5
21,109,566,6
21,105,822,7
21,29,1204,8
21,63,1207,9
21,62,1253,10
21,97,1305,11
21,174,1032,12
21,253,469,13
21,251,507,14
21,252,545,15
21,282,820,16
21,282,865,17
21,347,1340,18
21,390,789,19
21,385,1216,20
21,394,577,21
21,528,1088,26
21,541,32,27
21,571,645,28
21,569,681,29
21,568,837,30
21,567,911,31
21,566,982,32
21,606,551,33
21,641,651,79
21,676,678,81
21,750,435,82
21,741,1217,85
21,919,1116,89
21,963,398,90
21,1035,399,91
21,1025,1110,92
21,999,328,96
21,397,239,103
21,293,78,104
21,78,108,105
21,398,193,106
22,40,412,0
22,0,988,1
22,37,626,3
22,35,678,4
22,36,720,5
22,109,587,6
22,105,836,7
22,28,1225,8
22,63,1230,9
22,63,1269,10
22,96,1325,11
22,173,1054,12
22,252,486,13
22,251,522,14
22,252,563,15
22,282,823,16
22,282,872,17
22,347,1356,18
22,391,811,19
22,384,1229,20
22,393,599,21
22,528,1105,26
22,541,56,27
22,570,661,28
22,569,694,29
22,569,851,30
22,567,920,31
22,565,999,32
22,606,547,33
22,641,673,79
22,676,696,81
22,750,453,82
22,740,1235,85
22,920,1130,89
22,963,409,90
22,1035,405,91
22,1026,1117,92
22,1000,327,96
22,396,258,103
22,292,85,104
22,79,126,105
22,397,211,106
23,40,428,0
23,0,993,1
23,37,638,3
23,36,690,4
23,35,731,5
23,109,608,6
23,105,852,7
23,26,1241,8
23,63,1241,9
23,63,1285,10
23,96,1341,11
23,173,1072,12
23,251,505,13
23,252,540,14
23,251,580,15
23,282,833,16
23,283,878,17
23,347,1366,18
23,391,822,19
23,384,1239,20
23,393,617,21
23,528,1118,26
23,541,75,27
23,570,671,28
23,568,708,29
23,569,863,30
23,567,930,31
23,565,1010,32
23,607,533,33
23,641,690,79
23,676,720,81
23,750,469,82
23,739,1252,85
23,918,1143,89
23,962,414,90
23,1034,414,91
23,1026,1131,92
23,1000,327,96
23,396,269,103
23,293,90,104
23,78,141,105
23,396,226,106
24,40,449,0
24,-1,1009,1
24,37,648,3
24,35,703,4
24,36,740,5
24,109,635,6
24,106,867,7
24,28,1263,8
24,61,1253,9
24,62,1295,10
24,96,1360,11
24,173,1097,12
24,252,521,13
24,251,555,14
24,251,599,15
24,281,841,16
24,284,883,17
24,347,1369,18
24,392,832,19
24,383,1248,20
24,391,632,21
24,526,1136,26
24,540,86,27
24,571,675,28
24,568,714,29
24,567,871,30
24,567,939,31
24,565,1025,32
24,607,528,33
24,641,700,79
24,676,744,81
24,749,489,82
24,739,1274,85
24,919,1157,89
24,962,417,90
24,1035,428,91
24,1026,1143,92
24,1000,331,96
24,396,282,103
24,293,95,104
24,78,152,105
24,396,240,106
25,40,464,0
25,-2,1020,1
25,36,660,3
25,35,709,4
25,36,752,5
25,107,655,6
25,105,879,7
25,29,1287,8
25,61,1263,9
25,61,1311,10
25,97,1376,11
25,171,1116,12
25,251,539,13
25,252,575,14
25,250,616,15
25,281,849,16
25,283,886,17
25,347,1370,18
25,389,843,19
25,383,1255,20
25,392,643,21
25,526,1151,26
25,539,100,27
25,570,688,28
25,569,719,29
25,568,878,30
25,567,949,31
25,565,1037,32
25,607,521,33
25,641,714,79
25,675,764,81
25,750,506,82
25,739,1294,85
25,919,1171,89
25,962,418,90
25,1035,428,91
25,1026,1151,92
25,1000,329,96
25,397,293,103
25,293,101,104
25,78,169,105
25,397,252,106
25,683,4,107
26,40,485,0
26,-1,1038,1
26,36,667,3
26,35,716,4
26,34,762,5
26,107,673,6
26,105,893,7
26,27,1297,8
26,63,1277,9
26,61,1321,10
26,171,1140,12
26,251,558,13
26,251,594,14
26,250,630,15
26,281,853,16
26,283,888,17
26,347,1370,18
26,389,853,19
26,383,1262,20
26,393,654,21
26,526,1164,26
26,540,95,27
26,570,696,28
26,570,732,29
26,568,888,30
26,567,948,31
26,565,1052,32
26,607,511,33
26,639,735,79
26,675,787,81
26,749,525,82
26,739,1314,85
26,919,1183,89
26,962,423,90
26,1034,431,91
26,1026,1156,92
26,1000,333,96
26,396,311,103
26,293,107,104
26,78,185,105
26,397,267,106
26,683,20,107
27,38,499,0
27,-2,1056,1
27,36,674,3
27,36,735,4
27,34,772,5
27,108,695,6
27,105,912,7
27,27,1308,8
27,62,1295,9
27,62,1342,10
27,171,1163,12
27,250,576,13
27,252,604,14
27,251,645,15
27,282,856,16
27,283,893,17
27,347,1370,18
27,389,869,19
27,383,1272,20
27,393,674,21
27,525,1178,26
27,540,95,27
27,570,712,28
27,571,749,29
27,567,901,30
27,566,952,31
27,564,1068,32
27,608,504,33
27,641,757,79
27,675,810,81
27,749,542,82
27,739,1331,85
27,918,1199,89
27,963,435,90
27,1035,441,91
27,1024,1167,92
27,1000,335,96
27,396,328,103
27,292,116,104
27,78,203,105
27,397,285,106
27,683,34,107
28,39,512,0
28,-1,1071,1
28,36,687,3
28,35,747,4
28,35,781,5
28,108,714,6
28,105,927,7
28,27,1320,8
28,63,1307,9
28,61,1352,10
28,172,1186,12
28,252,583,13
28,250,618,14
28,251,658,15
28,281,857,16
28,283,895,17
28,347,1370,18
28,389,878,19
28,383,1297,20
28,391,696,21
28,526,1189,26
28,541,77,27
28,570,720,28
28,570,758,29
28,566,908,30
28,567,961,31
28,565,1084,32
28,607,498,33
28,640,775,79
28,676,831,81
28,749,563,82
28,739,1349,85
28,918,1207,89
28,963,447,90
28,1034,448,91
28,1025,1178,92
28,1000,335,96
28,396,337,103
28,292,123,104
28,77,217,105
28,397,297,106
28,682,45,107
29,39,527,0
29,37,700,3
29,32,758,4
29,35,789,5
29,107,738,6
29,104,939,7
29,26,1329,8
29,63,1322,9
29,60,1366,10
29,172,1213,12
29,251,598,13
29,249,633,14
29,250,672,15
29,282,862,16
29,283,901,17
29,348,1370,18
29,390,894,19
29,382,1306,20
29,392,719,21
29,527,1193,26
29,541,63,27
29,569,733,28
29,569,773,29
29,567,917,30
29,567,970,31
29,565,1097,32
29,607,494,33
29,639,793,79
29,674,854,81
29,748,579,82
29,738,1368,85
29,919,1219,89
29,962,457,90
29,1035,464,91
29,1025,1189,92
29,1000,332,96
29,395,353,103
29,292,132,104
29,77,233,105
29,396,311,106
29,682,53,107
29,824,4,108
30,38,541,0
30,36,706,3
30,37,757,4
30,35,798,5
30,107,755,6
30,103,955,7
30,26,1333,8
30,62,1333,9
30,62,1372,10
30,171,1237,12
30,251,612,13
30,249,645,14
30,250,686,15
30,279,867,16
30,284,907,17
30,346,1363,18
30,388,903,19
30,383,1316,20
30,392,736,21
30,526,1203,26
30,541,52,27
30,568,754,28
30,568,790,29
30,566,931,30
30,567,981,31
30,565,1114,32
30,607,487,33
30,640,808,79
30,674,876,81
30,748,602,82
30,918,1236,89
30,963,468,90
30,1034,477,91
30,1025,1203,92
30,1000,338,96
30,395,366,103
30,293,145,104
30,78,248,105
30,396,326,106
30,681,61,107
30,825,18,108
30,470,6,110
31,38,550,0
31,36,712,3
31,36,767,4
31,36,805,5
31,107,778,6
31,103,969,7
31,27,1309,8
31,61,1344,9
31,169,1252,12
31,250,624,13
31,249,659,14
31,248,705,15
31,280,870,16
31,283,911,17
31,347,1364,18
31,388,915,19
31,382,1325,20
31,392,752,21
31,526,1210,26
31,543,44,27
31,570,767,28
31,568,800,29
31,567,940,30
31,567,991,31
31,564,1128,32
31,609,479,33
31,639,822,79
31,674,899,81
31,747,622,82
31,918,1250,89
31,962,473,90
31,1033,485,91
31,1024,1213,92
31,1000,339,96
31,395,382,103
31,292,156,104
31,77,264,105
31,396,340,106
31,682,67,107
31,824,37,108
31,469,21,110
32,38,570,0
32,36,719,3
32,35,772,4
32,35,811,5
32,107,788,6
32,103,982,7
32,26,1282,8
32,59,1361,9
32,168,1272,12
32,250,642,13
32,250,677,14
32,250,715,15
32,282,886,16
32,283,917,17
32,347,1364,18
32,389,932,19
32,384,1343,20
32,391,766,21
32,527,1214,26
32,540,27,27
32,570,777,28
32,567,813,29
32,566,946,30
32,565,997,31
32,564,1142,32
32,608,469,33
32,639,842,79
32,674,921,81
32,747,640,82
32,918,1263,89
32,962,477,90
32,1034,498,91
32,1024,1222,92
32,1000,339,96
32,395,399,103
32,292,165,104
32,76,280,105
32,396,357,106
32,683,72,107
32,823,51,108
32,470,40,110
32,1003,-1,111
33,37,586,0
33,36,722,3
33,34,774,4
33,34,813,5
33,106,798,6
33,103,987,7
33,28,1263,8
33,61,1374,9
33,169,1293,12
33,249,659,13
33,251,692,14
33,249,729,15
33,282,890,16
33,283,928,17
33,347,1361,18
33,388,942,19
33,382,1359,20
33,391,787,21
33,526,1227,26
33,541,37,27
33,569,787,28
33,567,828,29
33,566,959,30
33,566,1015,31
33,564,1157,32
33,608,459,33
33,639,860,79
33,673,942,81
33,747,661,82
33,918,1276,89
33,962,477,90
33,1034,502,91
33,1025,1231,92
33,1000,339,96
33,394,415,103
33,292,174,104
33,78,293,105
33,395,372,106
33,682,89,107
33,825,59,108
33,468,59,110
33,1002,1,111
33,470,-1,112
34,38,598,0
34,36,726,3
34,35,776,4
34,34,818,5
34,106,811,6
34,102,1003,7
34,27,1251,8
34,62,1376,9
34,169,1322,12
34,249,675,13
34,250,705,14
34,249,745,15
34,281,890,16
34,283,934,17
34,347,1352,18
34,388,953,19
34,382,1368,20
34,389,800,21
34,525,1241,26
34,541,48,27
34,569,801,28
34,567,842,29
34,566,968,30
34,566,1025,31
34,563,1175,32
34,609,457,33
34,638,878,79
34,672,964,81
34,748,683,82
34,917,1288,89
34,963,481,90
34,1034,502,91
34,1024,1240,92
34,999,341,96
34,395,428,103
34,291,181,104
34,77,306,105
34,396,386,106
34,683,102,107
34,824,66,108
34,470,74,110
34,1003,3,111
34,472,5,112
35,38,616,0
35,35,727,3
35,34,777,4
35,35,818,5
35,107,830,6
35,103,1020,7
35,27,1250,8
35,168,1342,12
35,247,688,13
35,249,722,14
35,249,767,15
35,281,899,16
35,283,937,17
35,347,1333,18
35,387,959,19
35,382,1371,20
35,390,823,21
35,526,1254,26
35,542,68,27
35,568,808,28
35,567,852,29
35,566,979,30
35,566,1034,31
35,564,1187,32
35,608,447,33
35,638,898,79
35,672,984,81
35,747,704,82
35,917,1301,89
35,962,490,90
35,1034,504,91
35,1024,1247,92
35,1000,351,96
35,395,441,103
35,291,184,104
35,76,323,105
35,396,397,106
35,682,118,107
35,824,76,108
35,471,96,110
35,1003,10,111
35,470,14,112
36,38,627,0
36,36,733,3
36,35,783,4
36,34,822,5
36,105,853,6
36,103,1035,7
36,26,1258,8
36,168,1360,12
36,249,704,13
36,249,738,14
36,248,784,15
36,281,903,16
36,282,940,17
36,344,1310,18
36,387,963,19
36,382,1374,20
36,392,839,21
36,527,1266,26
36,540,79,27
36,568,830,28
36,568,868,29
36,566,993,30
36,566,1050,31
36,563,1204,32
36,608,436,33
36,638,919,79
36,673,1010,81
36,746,726,82
36,917,1314,89
36,962,498,90
36,1034,516,91
36,1024,1257,92
36,1000,360,96
36,394,450,103
36,291,186,104
36,75,338,105
36,396,410,106
36,682,136,107
36,824,89,108
36,469,110,110
36,1003,29,111
36,470,28,112
37,37,643,0
37,36,735,3
37,34,784,4
37,35,825,5
37,104,873,6
37,102,1052,7
37,28,1275,8
37,168,1370,12
37,249,717,13
37,250,753,14
37,249,802,15
37,281,908,16
37,282,943,17
37,349,1285,18
37,388,971,19
37,382,1374,20
37,390,854,21
37,526,1278,26
37,539,91,27
37,568,843,28
37,567,882,29
37,565,1005,30
37,565,1059,31
37,562,1218,32
37,608,429,33
37,639,939,79
37,671,1035,81
37,746,747,82
37,916,1325,89
37,962,504,90
37,1033,534,91
37,1024,1270,92
37,1000,362,96
37,394,467,103
37,292,194,104
37,76,354,105
37,394,421,106
37,681,150,107
37,824,108,108
37,469,122,110
37,1000,46,111
37,469,48,112
38,37,661,0
38,37,741,3
38,34,789,4
38,34,829,5
38,104,893,6
38,102,1070,7
38,27,1291,8
38,251,737,13
38,250,771,14
38,248,815,15
38,281,909,16
38,282,950,17
38,348,1275,18
38,388,981,19
38,389,871,21
38,526,1287,26
38,540,100,27
38,567,853,28
38,566,894,29
38,565,1011,30
38,565,1060,31
38,562,1230,32
38,607,425,33
38,637,958,79
38,672,1055,81
38,746,767,82
38,916,1339,89
38,961,513,90
38,1033,543,91
38,1024,1280,92
38,999,366,96
38,394,477,103
38,292,202,104
38,77,365,105
38,394,434,106
38,682,167,107
38,824,121,108
38,470,123,110
38,1002,54,111
38,469,58,112
39,37,676,0
39,37,745,3
39,35,796,4
39,34,839,5
39,104,912,6
39,101,1088,7
39,26,1310,8
39,249,755,13
39,249,787,14
39,247,829,15
39,281,912,16
39,282,956,17
39,351,1259,18
39,388,991,19
39,389,885,21
39,524,1301,26
39,542,93,27
39,567,874,28
39,566,908,29
39,565,1016,30
39,565,1066,31
39,562,1244,32
39,609,417,33
39,636,979,79
39,671,1078,81
39,746,786,82
39,916,1355,89
39,962,525,90
39,1033,543,91
39,1023,1292,92
39,999,372,96
39,396,494,103
39,292,207,104
39,75,379,105
39,394,448,106
39,681,186,107
39,823,134,108
39,470,136,110
39,1002,65,111
39,470,73,112
40,36,692,0
40,37,755,3
40,34,809,4
40,35,844,5
40,105,934,6
40,101,1100,7
40,24,1340,8
40,248,769,13
40,248,801,14
40,247,844,15
40,280,916,16
40,282,959,17
40,349,1247,18
40,386,1012,19
40,389,906,21
40,523,1317,26
40,542,87,27
40,567,886,28
40,566,924,29
40,566,1022,30
40,565,1075,31
40,562,1255,32
40,608,407,33
40,636,999,79
40,672,1097,81
40,746,805,82
40,918,1368,89
40,962,536,90
40,1033,543,91
40,1024,1301,92
40,999,381,96
40,394,513,103
40,291,215,104
40,76,394,105
40,394,468,106
40,682,200,107
40,823,152,108
40,469,148,110
40,1002,81,111
40,469,87,112
41,36,710,0
41,37,766,3
41,34,819,4
41,34,857,5
41,105,955,6
41,101,1113,7
41,25,1361,8
41,248,784,13
41,247,820,14
41,247,868,15
41,281,923,16
41,282,962,17
41,349,1223,18
41,385,1034,19
41,389,924,21
41,524,1333,26
41,543,68,27
41,568,899,28
41,566,944,29
41,566,1037,30
41,565,1087,31
41,561,1270,32
41,609,399,33
41,637,1018,79
41,670,1120,81
41,745,823,82
41,918,1376,89
41,962,548,90
41,1033,551,91
41,1024,1309,92
41,999,387,96
41,393,534,103
41,291,221,104
41,76,410,105
41,393,488,106
41,680,217,107
41,823,168,108
41,470,172,110
41,1001,93,111
41,469,107,112
41,718,8,113
42,36,727,0
42,35,780,3
42,35,830,4
42,34,868,5
42,103,979,6
42,102,1117,7
42,25,1369,8
42,247,804,13
42,246,839,14
42,248,883,15
42,281,924,16
42,283,966,17
42,349,1207,18
42,387,1049,19
42,388,946,21
42,524,1342,26
42,543,53,27
42,569,915,28
42,565,953,29
42,565,1044,30
42,564,1102,31
42,561,1285,32
42,609,394,33
42,636,1040,79
42,670,1141,81
42,745,844,82
42,961,553,90
42,1033,563,91
42,1024,1319,92
42,999,399,96
42,393,551,103
42,291,224,104
42,76,424,105
42,394,502,106
42,681,230,107
42,823,188,108
42,468,190,110
42,1002,101,111
42,470,122,112
42,719,17,113
42,470,9,114
42,682,3,116
43,36,742,0
43,35,791,3
43,34,843,4
43,34,877,5
43,102,1002,6
43,103,1127,7
43,26,1375,8
43,247,816,13
43,247,849,14
43,247,890,15
43,281,925,16
43,282,969,17
43,349,1190,18
43,386,1066,19
43,388,967,21
43,524,1351,26
43,542,42,27
43,568,927,28
43,566,967,29
43,564,1060,30
43,564,1115,31
43,561,1299,32
43,609,380,33
43,636,1060,79
43,670,1163,81
43,745,862,82
43,961,560,90
43,1033,572,91
43,1024,1328,92
43,999,400,96
43,394,567,103
43,291,225,104
43,76,442,105
43,393,520,106
43,681,248,107
43,823,204,108
43,467,207,110
43,1002,117,111
43,469,136,112
43,720,33,113
43,472,14,114
43,257,2,115
43,682,20,116
44,36,758,0
44,35,795,3
44,34,845,4
44,34,888,5
44,102,1016,6
44,101,1137,7
44,26,1365,8
44,247,828,13
44,248,856,14
44,247,899,15
44,281,928,16
44,282,970,17
44,349,1177,18
44,387,1080,19
44,387,983,21
44,524,1353,26
44,541,34,27
44,567,942,28
44,566,979,29
44,564,1070,30
44,564,1121,31
44,561,1309,32
44,609,376,33
44,636,1078,79
44,669,1184,81
44,745,884,82
44,961,569,90
44,1033,578,91
44,1025,1341,92
44,999,397,96
44,393,586,103
44,291,228,104
44,76,459,105
44,393,535,106
44,682,263,107
44,824,219,108
44,467,225,110
44,1001,128,111
44,470,152,112
44,719,45,113
44,471,29,114
44,256,17,115
44,683,36,116
45,34,767,0
45,35,802,3
45,33,852,4
45,34,892,5
45,103,1027,6
45,100,1145,7
45,28,1349,8
45,247,838,13
45,248,870,14
45,247,908,15
45,281,929,16
45,282,976,17
45,349,1150,18
45,387,1102,19
45,388,1003,21
45,524,1370,26
45,541,28,27
45,567,952,28
45,566,991,29
45,564,1070,30
45,563,1124,31
45,560,1316,32
45,609,369,33
45,635,1098,79
45,670,1208,81
45,745,905,82
45,961,575,90
45,1032,589,91
45,1025,1349,92
45,999,396,96
45,393,599,103
45,291,235,104
45,75,473,105
45,393,553,106
45,680,274,107
45,822,227,108
45,467,242,110
45,1001,128,111
45,469,164,112
45,720,63,113
45,470,43,114
45,256,41,115
45,682,59,116
46,35,775,0
46,35,806,3
46,33,857,4
46,34,895,5
46,102,1033,6
46,100,1154,7
46,27,1323,8
46,248,853,13
46,249,885,14
46,246,928,15
46,281,933,16
46,281,978,17
46,350,1136,18
46,386,1112,19
46,389,1020,21
46,524,1381,26
46,541,22,27
46,567,961,28
46,565,999,29
46,565,1081,30
46,565,1130,31
46,562,1327,32
46,609,362,33
46,636,1113,79
46,669,1231,81
46,745,924,82
46,960,581,90
46,1033,601,91
46,1025,1357,92
46,999,400,96
46,391,617,103
46,292,243,104
46,75,484,105
46,392,572,106
46,681,280,107
46,822,232,108
46,469,260,110
46,1001,134,111
46,468,180,112
46,718,73,113
46,470,58,114
46,258,60,115
46,682,81,116
47,35,774,0
47,35,808,3
47,35,862,4
47,34,898,5
47,102,1050,6
47,100,1167,7
47,26,1315,8
47,248,877,13
47,249,908,14
47,246,954,15
47,281,946,16
47,282,984,17
47,353,1118,18
47,387,1125,19
47,388,1040,21
47,540,29,27
47,566,972,28
47,565,1009,29
47,565,1086,30
47,566,1130,31
47,560,1344,32
47,609,355,33
47,635,1134,79
47,669,1251,81
47,744,940,82
47,961,584,90
47,1032,614,91
47,1024,1364,92
47,999,399,96
47,393,631,103
47,290,256,104
47,75,501,105
47,393,587,106
47,681,282,107
47,822,240,108
47,468,268,110
47,1002,144,111
47,468,196,112
47,719,90,113
47,469,74,114
47,256,74,115
47,681,101,116
48,35,783,0
48,35,814,3
48,34,864,4
48,34,904,5
48,102,1071,6
48,99,1182,7
48,26,1312,8
48,249,894,13
48,248,930,14
48,246,972,15
48,281,957,16
48,282,991,17
48,352,1109,18
48,387,1133,19
48,387,1058,21
48,541,47,27
48,566,978,28
48,565,1019,29
48,564,1093,30
48,565,1137,31
48,559,1358,32
48,609,343,33
48,634,1153,79
48,668,1275,81
48,744,957,82
48,961,589,90
48,1032,617,91
48,1024,1369,92
48,999,401,96
48,392,647,103
48,291,266,104
48,74,518,105
48,394,603,106
48,680,287,107
48,822,247,108
48,468,283,110
48,1001,165,111
48,468,206,112
48,717,109,113
48,468,91,114
48,254,93,115
48,681,121,116
49,35,789,0
49,35,820,3
49,33,872,4
49,34,909,5
49,101,1094,6
49,99,1200,7
49,27,1319,8
49,247,911,13
49,247,947,14
49,247,992,15
49,280,961,16
49,281,1001,17
49,352,1085,18
49,386,1148,19
49,387,1074,21
49,539,67,27
49,565,989,28
49,565,1027,29
49,564,1102,30
49,566,1147,31
49,559,1372,32
49,610,335,33
49,634,1174,79
49,668,1299,81
49,744,973,82
49,962,596,90
49,1033,629,91
49,1025,1376,92
49,999,407,96
49,392,661,103
49,291,274,104
49,74,536,105
49,392,618,106
49,681,299,107
49,822,257,108
49,468,292,110
49,1001,182,111
49,468,219,112
49,718,121,113
49,469,108,114
49,256,112,115
49,680,139,116
50,35,793,0
50,35,826,3
50,34,875,4
50,34,915,5
50,99,1116,6
50,99,1216,7
50,27,1322,8
50,246,934,13
50,247,961,14
50,246,1011,15
50,280,965,16
50,280,1003,17
50,350,1065,18
50,385,1167,19
50,387,1097,21
50,537,82,27
50,567,998,28
50,565,1034,29
50,563,1109,30
50,565,1159,31
50,559,1387,32
50,610,327,33
50,634,1195,79
50,668,1323,81
50,744,991,82
50,961,606,90
50,1033,646,91
50,999,416,96
50,392,680,103
50,291,278,104
50,74,552,105
50,392,639,106
50,680,310,107
50,822,265,108
50,468,313,110
50,1001,198,111
50,467,235,112
50,718,141,113
50,470,116,114
50,254,122,115
50,681,160,116
50,365,3,118
51,35,799,0
51,35,831,3
51,34,881,4
51,33,922,5
51,102,1141,6
51,98,1233,7
51,27,1338,8
51,246,949,13
51,245,985,14
51,246,1029,15
51,281,961,16
51,281,1006,17
51,350,1040,18
51,387,1187,19
51,387,1115,21
51,539,98,27
51,567,1004,28
51,565,1041,29
51,564,1117,30
51,565,1168,31
51,610,318,33
51,634,1217,79
51,667,1345,81
51,744,1012,82
51,961,619,90
51,1032,656,91
51,999,420,96
51,393,702,103
51,291,280,104
51,74,569,105
51,392,657,106
51,680,323,107
51,823,280,108
51,467,333,110
51,1001,204,111
51,468,251,112
51,718,154,113
51,468,131,114
51,256,143,115
51,680,182,116
51,365,13,118
52,35,808,0
52,35,838,3
52,33,887,4
52,34,927,5
52,101,1165,6
52,99,1247,7
52,25,1365,8
52,247,969,13
52,244,1003,14
52,245,1045,15
52,280,966,16
52,281,1010,17
52,351,1025,18
52,385,1204,19
52,388,1135,21
52,539,110,27
52,566,1008,28
52,566,1046,29
52,564,1120,30
52,565,1170,31
52,609,306,33
52,635,1235,79
52,667,1366,81
52,743,1028,82
52,961,631,90
52,1032,661,91
52,999,423,96
52,392,717,103
52,290,285,104
52,74,583,105
52,391,671,106
52,679,344,107
52,823,297,108
52,466,349,110
52,1001,219,111
52,468,273,112
52,717,173,113
52,469,140,114
52,256,160,115
52,680,200,116
52,365,24,118
53,35,812,0
53,35,845,3
53,34,896,4
53,34,934,5
53,99,1178,6
53,98,1260,7
53,247,984,13
53,244,1019,14
53,245,1059,15
53,280,972,16
53,282,1016,17
53,352,1008,18
53,383,1213,19
53,387,1150,21
53,540,127,27
53,566,1015,28
53,565,1055,29
53,564,1125,30
53,565,1168,31
53,610,293,33
53,633,1252,79
53,743,1047,82
53,961,638,90
53,1032,661,91
53,999,434,96
53,392,730,103
53,291,292,104
53,73,600,105
53,391,686,106
53,678,357,107
53,821,312,108
53,467,368,110
53,1000,228,111
53,467,291,112
53,716,184,113
53,470,158,114
53,256,180,115
53,680,218,116
53,366,38,118
54,34,818,0
54,34,854,3
54,34,907,4
54,32,945,5
54,100,1193,6
54,98,1269,7
54,247,1000,13
54,244,1037,14
54,245,1078,15
54,280,983,16
54,281,1028,17
54,349,985,18
54,384,1226,19
54,386,1168,21
54,540,139,27
54,565,1025,28
54,564,1061,29
54,564,1132,30
54,564,1170,31
54,610,286,33
54,633,1266,79
54,743,1055,82
54,961,638,90
54,1032,668,91
54,999,437,96
54,391,750,103
54,291,304,104
54,73,615,105
54,391,707,106
54,680,375,107
54,823,328,108
54,466,382,110
54,1001,242,111
54,467,308,112
54,716,204,113
54,469,172,114
54,256,193,115
54,681,243,116
54,363,52,118
55,34,832,0
55,34,869,3
55,32,920,4
55,32,960,5
55,100,1207,6
55,99,1281,7
55,246,1020,13
55,245,1050,14
55,244,1091,15
55,279,999,16
55,281,1040,17
55,353,968,18
55,384,1238,19
55,385,1183,21
55,541,136,27
55,566,1032,28
55,564,1068,29
55,563,1141,30
55,564,1174,31
55,611,279,33
55,633,1287,79
55,743,1065,82
55,961,641,90
55,1032,674,91
55,999,441,96
55,391,761,103
55,290,315,104
55,73,630,105
55,391,723,106
55,680,396,107
55,822,343,108
55,467,402,110
55,1001,251,111
55,468,321,112
55,717,222,113
55,468,192,114
55,255,209,115
55,682,257,116
55,363,65,118
56,34,843,0
56,34,875,3
56,32,924,4
56,31,967,5
56,99,1222,6
56,99,1290,7
56,245,1033,13
56,245,1063,14
56,244,1108,15
56,279,1008,16
56,281,1050,17
56,350,948,18
56,385,1247,19
56,384,1194,21
56,540,131,27
56,566,1043,28
56,565,1082,29
56,563,1149,30
56,565,1183,31
56,611,268,33
56,632,1304,79
56,742,1083,82
56,961,645,90
56,1032,688,91
56,1000,438,96
56,392,776,103
56,289,328,104
56,73,646,105
56,391,737,106
56,678,414,107
56,822,358,108
56,467,419,110
56,1000,258,111
56,467,340,112
56,717,238,113
56,467,213,114
56,255,226,115
56,680,281,116
56,363,80,118
57,34,850,0
57,34,880,3
57,32,933,4
57,33,972,5
57,99,1238,6
57,99,1304,7
57,245,1048,13
57,245,1086,14
57,244,1128,15
57,278,1019,16
57,280,1058,17
57,354,931,18
57,384,1263,19
57,384,1206,21
57,542,118,27
57,566,1053,28
57,565,1092,29
57,563,1154,30
57,564,1194,31
57,611,270,33
57,632,1322,79
57,742,1096,82
57,961,649,90
57,1032,693,91
57,999,441,96
57,391,791,103
57,289,336,104
57,72,662,105
57,391,751,106
57,680,428,107
57,820,374,108
57,467,440,110
57,1001,272,111
57,466,360,112
57,716,258,113
57,468,226,114
57,255,244,115
57,681,301,116
57,364,91,118
58,35,855,0
58,34,884,3
58,32,935,4
58,33,974,5
58,99,1264,6
58,97,1324,7
58,246,1069,13
58,244,1102,14
58,243,1146,15
58,278,1030,16
58,280,1064,17
58,354,914,18
58,383,1268,19
58,385,1218,21
58,540,97,27
58,565,1060,28
58,565,1102,29
58,563,1165,30
58,563,1208,31
58,610,269,33
58,632,1342,79
58,742,1111,82
58,961,658,90
58,1031,702,91
58,999,446,96
58,392,805,103
58,290,345,104
58,72,677,105
58,390,764,106
58,679,431,107
58,821,386,108
58,466,461,110
58,1000,290,111
58,467,377,112
58,716,274,113
58,469,243,114
58,255,256,115
58,680,325,116
58,363,108,118
59,34,857,0
59,34,884,3
59,33,936,4
59,32,978,5
59,98,1293,6
59,96,1345,7
59,244,1081,13
59,244,1114,14
59,243,1159,15
59,278,1034,16
59,280,1070,17
59,354,889,18
59,387,1286,19
59,385,1225,21
59,541,79,27
59,565,1073,28
59,565,1108,29
59,564,1179,30
59,564,1219,31
59,610,283,33
59,631,1363,79
59,742,1122,82
59,961,670,90
59,1032,717,91
59,998,448,96
59,391,816,103
59,290,358,104
59,72,689,105
59,390,775,106
59,679,433,107
59,821,398,108
59,466,476,110
59,1000,300,111
59,466,390,112
59,716,285,113
59,467,259,114
59,254,273,115
59,680,341,116
59,363,129,118
59,26,1375,119
59,364,4,121
59,684,1,122
59,1001,5,123
60,34,858,0
60,34,888,3
60,32,940,4
60,32,978,5
60,98,1304,6
60,98,1356,7
60,244,1097,13
60,244,1136,14
60,243,1175,15
60,278,1042,16
60,279,1080,17
60,354,867,18
60,383,1289,19
60,385,1236,21
60,542,66,27
60,566,1076,28
60,565,1116,29
60,563,1193,30
60,562,1247,31
60,610,302,33
60,632,1378,79
60,742,1138,82
60,961,682,90
60,1032,723,91
60,999,450,96
60,392,826,103
60,289,361,104
60,72,707,105
60,390,786,106
60,679,439,107
60,821,405,108
60,465,483,110
60,1000,314,111
60,466,410,112
60,716,287,113
60,469,272,114
60,255,294,115
60,681,357,116
60,362,140,118
60,26,1360,119
60,366,17,121
60,683,8,122
60,1003,17,123
61,36,868,0
61,34,898,3
61,32,946,4
61,32,985,5
61,99,1320,6
61,96,1366,7
61,245,1115,13
61,242,1148,14
61,243,1192,15
61,278,1045,16
61,279,1082,17
61,356,848,18
61,382,1299,19
61,385,1246,21
61,543,48,27
61,566,1088,28
61,563,1126,29
61,564,1200,30
61,562,1255,31
61,611,314,33
61,742,1147,82
61,960,690,90
61,1032,726,91
61,999,460,96
61,391,839,103
61,290,365,104
61,72,722,105
61,391,797,106
61,679,446,107
61,822,418,108
61,465,491,110
61,1000,328,111
61,466,425,112
61,716,296,113
61,467,293,114
61,254,314,115
61,680,372,116
61,362,150,118
61,26,1354,119
61,365,30,121
61,684,25,122
61,1002,32,123
62,35,874,0
62,34,907,3
62,32,957,4
62,32,998,5
62,98,1329,6
62,96,1373,7
62,243,1132,13
62,244,1170,14
62,243,1216,15
62,278,1046,16
62,279,1082,17
62,355,831,18
62,383,1312,19
62,385,1252,21
62,544,34,27
62,565,1104,28
62,563,1139,29
62,562,1213,30
62,563,1265,31
62,610,331,33
62,742,1155,82
62,959,694,90
62,1032,730,91
62,1000,463,96
62,390,853,103
62,291,367,104
62,72,740,105
62,390,814,106
62,679,455,107
62,821,437,108
62,466,503,110
62,999,332,111
62,467,444,112
62,717,311,113
62,467,310,114
62,253,334,115
62,679,390,116
62,364,160,118
62,25,1362,119
62,364,32,121
62,683,42,122
62,1001,46,123
62,967,1,124
63,33,890,0
63,32,919,3
63,30,970,4
63,31,1008,5
63,97,1338,6
63,242,1145,13
63,243,1182,14
63,241,1230,15
63,278,1047,16
63,279,1088,17
63,354,812,18
63,382,1320,19
63,384,1267,21
63,542,38,27
63,565,1113,28
63,563,1146,29
63,562,1222,30
63,562,1275,31
63,609,341,33
63,742,1172,82
63,961,699,90
63,1031,735,91
63,999,468,96
63,390,869,103
63,291,371,104
63,70,753,105
63,390,828,106
63,679,470,107
63,822,451,108
63,465,525,110
63,999,344,111
63,465,458,112
63,715,328,113
63,468,319,114
63,254,352,115
63,680,410,116
63,362,166,118
63,26,1373,119
63,363,43,121
63,681,60,122
63,1001,56,123
63,966,19,124
64,34,904,0
64,32,936,3
64,32,986,4
64,30,1023,5
64,98,1352,6
64,243,1162,13
64,243,1196,14
64,241,1240,15
64,278,1056,16
64,279,1091,17
64,353,791,18
64,383,1337,19
64,385,1283,21
64,540,46,27
64,565,1122,28
64,563,1157,29
64,563,1233,30
64,561,1288,31
64,610,351,33
64,742,1186,82
64,960,705,90
64,1031,736,91
64,1000,473,96
64,389,882,103
64,289,374,104
64,71,764,105
64,389,844,106
64,679,480,107
64,821,465,108
64,465,546,110
64,1000,353,111
64,466,474,112
64,715,346,113
64,468,336,114
64,254,365,115
64,679,430,116
64,362,187,118
64,363,65,121
64,681,76,122
64,1001,78,123
64,966,41,124
65,33,915,0
65,31,950,3
65,31,997,4
65,31,1037,5
65,98,1358,6
65,243,1175,13
65,242,1211,14
65,243,1253,15
65,279,1054,16
65,279,1095,17
65,356,774,18
65,383,1344,19
65,385,1294,21
65,541,58,27
65,564,1132,28
65,562,1164,29
65,562,1244,30
65,561,1301,31
65,609,362,33
65,741,1195,82
65,960,715,90
65,1031,740,91
65,999,476,96
65,388,897,103
65,290,380,104
65,71,782,105
65,389,856,106
65,678,496,107
65,821,482,108
65,465,564,110
65,1000,365,111
65,466,491,112
65,714,358,113
65,467,344,114
65,254,382,115
65,680,446,116
65,361,205,118
65,362,82,121
65,681,87,122
65,1000,91,123
65,967,61,124
66,33,928,0
66,31,957,3
66,31,1009,4
66,32,1049,5
66,98,1370,6
66,242,1188,13
66,242,1228,14
66,243,1273,15
66,280,1058,16
66,280,1100,17
66,358,751,18
66,381,1359,19
66,385,1304,21
66,540,65,27
66,563,1142,28
66,562,1178,29
66,562,1255,30
66,561,1309,31
66,609,373,33
66,740,1210,82
66,960,729,90
66,1031,741,91
66,998,480,96
66,389,912,103
66,289,382,104
66,71,798,105
66,389,871,106
66,679,511,107
66,821,501,108
66,464,576,110
66,999,381,111
66,466,507,112
66,716,372,113
66,467,354,114
66,253,406,115
66,678,467,116
66,363,220,118
66,362,93,121
66,681,103,122
66,1002,108,123
66,966,76,124
67,34,945,0
67,32,973,3
67,32,1017,4
67,32,1061,5
67,98,1377,6
67,243,1208,13
67,240,1240,14
67,241,1288,15
67,279,1061,16
67,279,1104,17
67,357,729,18
67,383,1370,19
67,384,1315,21
67,539,84,27
67,563,1153,28
67,563,1193,29
67,562,1266,30
67,561,1319,31
67,610,385,33
67,740,1217,82
67,960,741,90
67,1030,743,91
67,999,486,96
67,390,930,103
67,289,385,104
67,71,812,105
67,389,888,106
67,678,532,107
67,821,520,108
67,464,588,110
67,999,400,111
67,465,522,112
67,715,389,113
67,468,367,114
67,253,422,115
67,679,489,116
67,363,234,118
67,364,106,121
67,681,119,122
67,1000,123,123
67,967,94,124
67,718,1,126
68,36,949,0
68,32,979,3
68,31,1030,4
68,30,1072,5
68,243,1222,13
68,243,1259,14
68,241,1302,15
68,278,1068,16
68,279,1106,17
68,355,716,18
68,383,1379,19
68,384,1336,21
68,540,99,27
68,563,1164,28
68,563,1204,29
68,562,1274,30
68,561,1326,31
68,609,395,33
68,740,1226,82
68,960,752,90
68,1030,750,91
68,1000,486,96
68,389,945,103
68,290,393,104
68,71,825,105
68,390,900,106
68,677,543,107
68,821,537,108
68,464,610,110
68,999,401,111
68,465,537,112
68,715,406,113
68,468,382,114
68,253,438,115
68,680,511,116
68,362,249,118
68,363,121,121
68,683,143,122
68,1000,137,123
68,965,103,124
68,719,14,126
69,32,955,0
69,33,986,3
69,31,1037,4
69,30,1078,5
69,243,1233,13
69,242,1271,14
69,240,1313,15
69,279,1073,16
69,279,1116,17
69,359,692,18
69,383,1349,21
69,540,120,27
69,565,1177,28
69,563,1214,29
69,562,1286,30
69,561,1341,31
69,609,407,33
69,740,1239,82
69,960,762,90
69,1030,758,91
69,998,487,96
69,389,963,103
69,288,403,104
69,70,838,105
69,390,917,106
69,678,555,107
69,820,555,108
69,464,629,110
69,999,411,111
69,465,551,112
69,714,421,113
69,467,395,114
69,253,456,115
69,679,525,116
69,362,265,118
69,361,137,121
69,681,161,122
69,1001,152,123
69,965,121,124
69,719,26,126
70,32,958,0
70,32,991,3
70,30,1039,4
70,30,1082,5
70,242,1246,13
70,242,1284,14
70,240,1328,15
70,280,1087,16
70,279,1124,17
70,357,678,18
70,382,1368,21
70,540,132,27
70,564,1184,28
70,564,1223,29
70,561,1297,30
70,560,1349,31
70,610,412,33
70,740,1254,82
70,960,773,90
70,1031,766,91
70,998,487,96
70,389,980,103
70,288,416,104
70,70,854,105
70,388,936,106
70,677,569,107
70,820,571,108
70,465,648,110
70,999,433,111
70,463,567,112
70,714,431,113
70,465,406,114
70,253,467,115
70,679,536,116
70,361,283,118
70,362,155,121
70,682,173,122
70,1001,163,123
70,965,138,124
70,719,43,126
71,31,961,0
71,33,996,3
71,31,1045,4
71,31,1086,5
71,242,1260,13
71,241,1298,14
71,240,1345,15
71,279,1099,16
71,279,1134,17
71,356,657,18
71,381,1376,21
71,540,150,27
71,562,1197,28
71,564,1235,29
71,562,1304,30
71,561,1355,31
71,608,422,33
71,740,1267,82
71,960,773,90
71,1031,777,91
71,998,501,96
71,388,996,103
71,288,427,104
71,70,866,105
71,390,954,106
71,677,576,107
71,820,586,108
71,463,669,110
71,998,446,111
71,463,589,112
71,715,442,113
71,465,422,114
71,253,478,115
71,679,546,116
71,362,301,118
71,361,169,121
71,681,186,122
71,1000,184,123
71,966,157,124
71,718,59,126
72,32,966,0
72,32,999,3
72,31,1045,4
72,31,1086,5
72,242,1277,13
72,241,1311,14
72,240,1355,15
72,278,1106,16
72,279,1143,17
72,357,637,18
72,540,166,27
72,564,1200,28
72,564,1242,29
72,561,1307,30
72,561,1359,31
72,610,433,33
72,740,1277,82
72,959,776,90
72,1031,789,91
72,998,517,96
72,387,1010,103
72,289,436,104
72,69,884,105
72,388,968,106
72,677,585,107
72,819,603,108
72,462,689,110
72,998,458,111
72,464,605,112
72,715,445,113
72,465,438,114
72,253,486,115
72,679,555,116
72,361,313,118
72,362,186,121
72,681,196,122
72,1001,195,123
72,966,179,124
72,718,73,126
73,32,968,0
73,33,1001,3
73,31,1049,4
73,31,1093,5
73,240,1296,13
73,240,1333,14
73,240,1372,15
73,279,1112,16
73,279,1152,17
73,358,621,18
73,540,181,27
73,561,1204,28
73,563,1249,29
73,561,1315,30
73,561,1363,31
73,609,446,33
73,740,1286,82
73,959,784,90
73,1030,800,91
73,997,522,96
73,388,1026,103
73,289,439,104
73,68,902,105
73,387,986,106
73,677,594,107
73,819,619,108
73,462,707,110
73,998,472,111
73,463,621,112
73,715,448,113
73,465,452,114
73,252,497,115
73,678,563,116
73,361,325,118
73,363,189,121
73,681,206,122
73,1001,211,123
73,965,200,124
73,717,92,126
74,32,973,0
74,32,1003,3
74,30,1057,4
74,31,1096,5
74,240,1311,13
74,239,1348,14
74,279,1119,16
74,279,1156,17
74,359,599,18
74,541,196,27
74,562,1210,28
74,563,1250,29
74,561,1320,30
74,560,1369,31
74,608,457,33
74,740,1296,82
74,959,797,90
74,1030,812,91
74,998,537,96
74,388,1043,103
74,289,446,104
74,69,919,105
74,387,1003,106
74,677,603,107
74,819,629,108
74,463,721,110
74,998,487,111
74,463,632,112
74,715,465,113
74,465,460,114
74,252,519,115
74,677,576,116
74,362,332,118
74,364,189,121
74,681,220,122
74,1001,226,123
74,965,222,124
74,717,105,126
75,31,977,0
75,32,1010,3
75,30,1060,4
75,31,1104,5
75,241,1327,13
75,239,1367,14
75,278,1122,16
75,279,1159,17
75,360,576,18
75,540,193,27
75,562,1215,28
75,563,1257,29
75,561,1326,30
75,560,1376,31
75,608,469,33
75,740,1304,82
75,959,806,90
75,1031,823,91
75,998,558,96
75,387,1057,103
75,289,449,104
75,69,933,105
75,388,1017,106
75,677,613,107
75,819,638,108
75,463,733,110
75,998,502,111
75,463,652,112
75,714,483,113
75,465,462,114
75,253,538,115
75,676,581,116
75,360,346,118
75,361,198,121
75,680,238,122
75,1001,240,123
75,963,237,124
75,716,120,126
76,31,987,0
76,32,1020,3
76,30,1065,4
76,31,1108,5
76,240,1351,13
76,238,1379,14
76,277,1128,16
76,278,1164,17
76,359,568,18
76,540,197,27
76,562,1221,28
76,563,1260,29
76,561,1329,30
76,608,477,33
76,739,1319,82
76,959,813,90
76,1030,834,91
76,998,567,96
76,387,1069,103
76,289,453,104
76,70,950,105
76,387,1029,106
76,677,623,107
76,819,647,108
76,462,757,110
76,998,509,111
76,463,670,112
76,714,499,113
76,464,469,114
76,252,556,115
76,677,594,116
76,361,368,118
76,361,214,121
76,681,253,122
76,1000,257,123
76,965,256,124
76,716,133,126
77,31,999,0
77,32,1029,3
77,30,1081,4
77,30,1119,5
77,239,1371,13
77,276,1127,16
77,278,1166,17
77,359,554,18
77,540,203,27
77,563,1232,28
77,563,1271,29
77,561,1340,30
77,608,489,33
77,739,1328,82
77,959,813,90
77,1030,843,91
77,998,573,96
77,386,1084,103
77,289,457,104
77,69,963,105
77,387,1041,106
77,676,639,107
77,819,663,108
77,462,775,110
77,998,509,111
77,463,687,112
77,713,512,113
77,464,480,114
77,251,572,115
77,678,607,116
77,360,385,118
77,361,233,121
77,680,273,122
77,999,272,123
77,964,256,124
77,716,150,126
77,25,1373,127
77,471,0,128
78,31,1007,0
78,32,1037,3
78,30,1086,4
78,30,1127,5
78,241,1381,13
78,277,1131,16
78,278,1170,17
78,361,532,18
78,540,203,27
78,562,1241,28
78,563,1281,29
78,560,1353,30
78,608,501,33
78,739,1345,82
78,959,816,90
78,1030,849,91
78,998,568,96
78,386,1095,103
78,289,462,104
78,68,970,105
78,387,1052,106
78,676,656,107
78,819,681,108
78,461,797,110
78,998,513,111
78,464,700,112
78,713,526,113
78,465,493,114
78,250,584,115
78,677,625,116
78,361,393,118
78,361,245,121
78,680,290,122
78,999,286,123
78,966,263,124
78,717,163,126
78,24,1363,127
78,471,9,128
78,118,-1,129
78,255,-2,131
79,31,1013,0
79,31,1049,3
79,30,1097,4
79,30,1136,5
79,278,1134,16
79,279,1175,17
79,361,507,18
79,540,203,27
79,561,1257,28
79,561,1294,29
79,560,1360,30
79,608,513,33
79,739,1364,82
79,960,829,90
79,1030,856,91
79,998,572,96
79,386,1109,103
79,289,468,104
79,68,982,105
79,388,1070,106
79,677,671,107
79,819,698,108
79,461,815,110
79,997,522,111
79,464,714,112
79,713,541,113
79,465,502,114
79,251,608,115
79,677,642,116
79,361,409,118
79,362,256,121
79,679,310,122
79,999,300,123
79,964,281,124
79,718,180,126
79,25,1344,127
79,471,19,128
79,116,6,129
79,255,3,131
80,30,1024,0
80,31,1058,3
80,31,1107,4
80,29,1146,5
80,278,1137,16
80,279,1178,17
80,359,492,18
80,542,183,27
80,561,1261,28
80,560,1302,29
80,559,1369,30
80,608,524,33
80,738,1375,82
80,958,837,90
80,1030,861,91
80,997,588,96
80,386,1121,103
80,288,481,104
80,68,996,105
80,386,1085,106
80,677,677,107
80,818,713,108
80,460,831,110
80,998,540,111
80,463,730,112
80,713,557,113
80,466,510,114
80,249,621,115
80,676,648,116
80,361,425,118
80,361,275,121
80,680,318,122
80,999,312,123
80,964,292,124
80,717,192,126
80,27,1348,127
80,469,44,128
80,116,17,129
80,255,12,131
80,790,6,132
81,30,1042,0
81,30,1074,3
81,29,1125,4
81,28,1162,5
81,278,1142,16
81,279,1183,17
81,361,477,18
81,541,168,27
81,561,1265,28
81,560,1312,29
81,560,1380,30
81,607,535,33
81,737,1378,82
81,958,845,90
81,1030,872,91
81,996,604,96
81,386,1138,103
81,288,489,104
81,67,1012,105
81,387,1099,106
81,677,687,107
81,819,730,108
81,461,849,110
81,997,555,111
81,462,748,112
81,712,574,113
81,465,521,114
81,249,646,115
81,676,656,116
81,360,441,118
81,361,293,121
81,679,328,122
81,1000,326,123
81,964,306,124
81,716,206,126
81,25,1368,127
81,470,63,128
81,116,26,129
81,256,28,131
81,789,15,132
82,31,1059,0
82,31,1087,3
82,29,1141,4
82,29,1181,5
82,278,1149,16
82,279,1189,17
82,361,474,18
82,540,148,27
82,561,1274,28
82,561,1316,29
82,559,1388,30
82,608,548,33
82,958,850,90
82,1030,882,91
82,997,616,96
82,386,1155,103
82,288,498,104
82,67,1027,105
82,385,1114,106
82,677,694,107
82,817,747,108
82,461,860,110
82,997,562,111
82,462,764,112
82,712,584,113
82,464,533,114
82,250,665,115
82,676,665,116
82,360,440,118
82,361,306,121
82,679,341,122
82,1000,342,123
82,965,329,124
82,718,221,126
82,25,1376,127
82,468,85,128
82,114,40,129
82,257,44,131
82,790,31,132
83,30,1074,0
83,30,1103,3
83,29,1152,4
83,28,1192,5
83,278,1152,16
83,278,1192,17
83,360,474,18
83,539,136,27
83,561,1281,28
83,561,1322,29
83,561,1393,30
83,607,558,33
83,957,863,90
83,1029,888,91
83,997,629,96
83,386,1168,103
83,288,502,104
83,67,1044,105
83,385,1128,106
83,676,703,107
83,817,768,108
83,461,881,110
83,998,570,111
83,462,778,112
83,713,592,113
83,464,538,114
83,249,683,115
83,676,675,116
83,360,441,118
83,362,320,121
83,679,354,122
83,998,360,123
83,963,353,124
83,717,235,126
83,470,97,128
83,114,56,129
83,256,62,131
83,789,54,132
84,30,1082,0
84,30,1118,3
84,28,1163,4
84,28,1206,5
84,278,1157,16
84,278,1197,17
84,360,474,18
84,542,132,27
84,561,1291,28
84,560,1328,29
84,607,570,33
84,957,875,90
84,1029,898,91
84,996,635,96
84,385,1182,103
84,288,506,104
84,66,1061,105
84,386,1141,106
84,675,712,107
84,817,783,108
84,460,902,110
84,997,584,111
84,462,792,112
84,711,608,113
84,464,541,114
84,250,703,115
84,676,685,116
84,360,445,118
84,362,335,121
84,679,369,122
84,999,371,123
84,964,370,124
84,717,253,126
84,469,112,128
84,114,69,129
84,256,70,131
84,789,72,132
85,30,1097,0
85,29,1128,3
85,29,1174,4
85,27,1218,5
85,278,1160,16
85,279,1201,17
85,360,476,18
85,540,153,27
85,561,1296,28
85,560,1334,29
85,606,584,33
85,959,886,90
85,1030,898,91
85,995,649,96
85,384,1198,103
85,288,509,104
85,66,1078,105
85,386,1158,106
85,675,718,107
85,817,797,108
85,461,925,110
85,996,598,111
85,462,812,112
85,710,624,113
85,464,549,114
85,250,716,115
85,675,693,116
85,360,445,118
85,360,349,121
85,679,378,122
85,1000,388,123
85,965,387,124
85,716,267,126
85,469,137,128
85,114,85,129
85,256,77,131
85,789,90,132
86,30,1102,0
86,29,1135,3
86,28,1180,4
86,27,1224,5
86,278,1168,16
86,279,1205,17
86,360,476,18
86,539,161,27
86,561,1303,28
86,560,1347,29
86,606,595,33
86,958,893,90
86,1030,898,91
86,997,656,96
86,385,1218,103
86,288,514,104
86,65,1091,105
86,386,1176,106
86,675,722,107
86,816,817,108
86,460,938,110
86,997,601,111
86,461,830,112
86,713,644,113
86,464,555,114
86,250,734,115
86,675,699,116
86,360,444,118
86,361,356,121
86,679,392,122
86,999,405,123
86,964,406,124
86,715,284,126
86,468,158,128
86,113,92,129
86,257,89,131
86,789,111,132
87,30,1107,0
87,29,1143,3
87,28,1190,4
87,27,1232,5
87,278,1177,16
87,279,1208,17
87,360,470,18
87,539,172,27
87,562,1316,28
87,561,1357,29
87,606,605,33
87,958,893,90
87,1030,902,91
87,997,659,96
87,385,1236,103
87,288,517,104
87,66,1105,105
87,385,1193,106
87,676,724,107
87,817,824,108
87,460,946,110
87,997,602,111
87,461,845,112
87,711,661,113
87,464,566,114
87,249,752,115
87,676,702,116
87,360,441,118
87,360,367,121
87,678,406,122
87,999,419,123
87,963,418,124
87,715,299,126
87,469,176,128
87,114,106,129
87,257,107,131
87,788,128,132
88,29,1115,0
88,29,1147,3
88,29,1198,4
88,27,1237,5
88,277,1179,16
88,279,1211,17
88,360,469,18
88,538,189,27
88,561,1325,28
88,561,1370,29
88,607,616,33
88,958,893,90
88,1030,903,91
88,996,664,96
88,384,1250,103
88,288,525,104
88,65,1123,105
88,386,1208,106
88,677,727,107
88,817,831,108
88,459,964,110
88,997,605,111
88,460,860,112
88,711,678,113
88,463,579,114
88,249,772,115
88,676,706,116
88,361,433,118
88,361,376,121
88,679,424,122
88,998,437,123
88,962,433,124
88,716,313,126
88,468,199,128
88,114,113,129
88,255,125,131
88,788,145,132
89,29,1121,0
89,29,1153,3
89,29,1202,4
89,27,1242,5
89,277,1180,16
89,277,1224,17
89,359,452,18
89,540,205,27
89,561,1333,28
89,561,1373,29
89,606,627,33
89,957,899,90
89,1030,904,91
89,996,670,96
89,384,1262,103
89,288,533,104
89,65,1138,105
89,384,1218,106
89,676,735,107
89,817,838,108
89,459,988,110
89,997,612,111
89,461,880,112
89,712,692,113
89,463,587,114
89,248,789,115
89,676,711,116
89,360,424,118
89,361,382,121
89,678,436,122
89,998,449,123
89,964,455,124
89,716,328,126
89,469,221,128
89,114,126,129
89,256,143,131
89,787,160,132
90,29,1125,0
90,29,1157,3
90,29,1205,4
90,27,1246,5
90,277,1194,16
90,277,1233,17
90,359,449,18
90,538,232,27
90,562,1340,28
90,561,1376,29
90,606,636,33
90,957,911,90
90,1029,917,91
90,996,677,96
90,383,1273,103
90,288,542,104
90,65,1157,105
90,384,1230,106
90,675,745,107
90,817,857,108
90,459,1007,110
90,997,628,111
90,460,896,112
90,712,706,113
90,464,598,114
90,248,808,115
90,675,723,116
90,360,419,118
90,360,378,121
90,678,446,122
90,1000,460,123
90,961,470,124
90,716,345,126
90,468,238,128
90,115,144,129
90,255,158,131
90,788,185,132
91,29,1131,0
91,29,1162,3
91,29,1216,4
91,27,1252,5
91,277,1201,16
91,277,1239,17
91,361,437,18
91,538,248,27
91,562,1347,28
91,561,1377,29
91,607,643,33
91,957,919,90
91,1028,922,91
91,996,691,96
91,382,1288,103
91,288,552,104
91,65,1170,105
91,384,1246,106
91,676,757,107
91,817,869,108
91,458,1025,110
91,996,639,111
91,460,914,112
91,711,720,113
91,464,609,114
91,248,829,115
91,676,734,116
91,360,412,118
91,360,372,121
91,679,459,122
91,1000,472,123
91,964,484,124
91,714,363,126
91,468,255,128
91,115,160,129
91,255,176,131
91,789,201,132
91,23,1374,133
92,29,1139,0
92,28,1172,3
92,27,1219,4
92,27,1262,5
92,278,1218,16
92,277,1250,17
92,361,435,18
92,539,265,27
92,561,1357,28
92,605,654,33
92,957,930,90
92,1028,934,91
92,996,703,96
92,383,1305,103
92,287,559,104
92,64,1187,105
92,384,1262,106
92,676,765,107
92,816,882,108
92,458,1040,110
92,997,650,111
92,460,930,112
92,711,732,113
92,465,622,114
92,248,842,115
92,676,741,116
92,361,405,118
92,361,362,121
92,677,470,122
92,996,491,123
92,963,510,124
92,714,377,126
92,467,277,128
92,113,178,129
92,257,189,131
92,786,223,132
92,24,1368,133
93,28,1150,0
93,28,1183,3
93,28,1233,4
93,28,1274,5
93,278,1222,16
93,277,1259,17
93,361,436,18
93,538,270,27
93,561,1363,28
93,607,666,33
93,957,943,90
93,1028,945,91
93,995,715,96
93,383,1323,103
93,288,566,104
93,64,1204,105
93,383,1280,106
93,676,766,107
93,816,892,108
93,459,1065,110
93,996,664,111
93,460,947,112
93,711,753,113
93,464,635,114
93,248,862,115
93,675,744,116
93,361,405,118
93,360,364,121
93,678,475,122
93,997,503,123
93,960,529,124
93,716,392,126
93,467,295,128
93,114,195,129
93,256,204,131
93,788,234,132
93,27,1346,133
94,28,1161,0
94,28,1193,3
94,28,1240,4
94,27,1282,5
94,276,1227,16
94,277,1262,17
94,361,434,18
94,540,282,27
94,561,1369,28
94,606,674,33
94,957,957,90
94,1027,952,91
94,996,718,96
94,383,1338,103
94,289,569,104
94,64,1215,105
94,384,1295,106
94,676,771,107
94,816,901,108
94,457,1084,110
94,996,670,111
94,460,963,112
94,710,770,113
94,463,641,114
94,247,885,115
94,676,749,116
94,361,403,118
94,361,362,121
94,678,493,122
94,997,516,123
94,962,545,124
94,715,407,126
94,467,319,128
94,114,205,129
94,255,219,131
94,788,255,132
94,26,1350,133
95,28,1172,0
95,27,1207,3
95,26,1256,4
95,25,1301,5
95,275,1235,16
95,277,1270,17
95,361,434,18
95,539,287,27
95,560,1377,28
95,605,689,33
95,956,963,90
95,1028,960,91
95,994,726,96
95,382,1357,103
95,288,580,104
95,63,1231,105
95,383,1309,106
95,676,774,107
95,816,908,108
95,457,1102,110
95,997,671,111
95,459,986,112
95,710,786,113
95,463,652,114
95,247,906,115
95,677,756,116
95,361,400,118
95,361,360,121
95,677,503,122
95,999,536,123
95,962,562,124
95,714,420,126
95,468,336,128
95,115,217,129
95,256,242,131
95,787,276,132
95,25,1357,133
96,27,1188,0
96,29,1224,3
96,26,1272,4
96,26,1313,5
96,278,1247,16
96,277,1278,17
96,361,431,18
96,539,286,27
96,606,700,33
96,956,962,90
96,1028,975,91
96,995,729,96
96,381,1368,103
96,287,590,104
96,64,1248,105
96,383,1324,106
96,676,786,107
96,815,915,108
96,457,1122,110
96,996,676,111
96,459,1002,112
96,710,802,113
96,463,664,114
96,247,924,115
96,675,762,116
96,361,397,118
96,361,359,121
96,678,517,122
96,999,557,123
96,962,580,124
96,715,432,126
96,466,364,128
96,113,224,129
96,255,258,131
96,787,295,132
96,25,1366,133
97,27,1204,0
97,26,1236,3
97,26,1286,4
97,25,1327,5
97,275,1258,16
97,277,1291,17
97,361,433,18
97,539,288,27
97,606,711,33
97,957,962,90
97,1028,979,91
97,996,733,96
97,382,1379,103
97,287,600,104
97,63,1263,105
97,383,1342,106
97,677,778,107
97,815,923,108
97,456,1142,110
97,996,681,111
97,458,1015,112
97,710,817,113
97,464,671,114
97,247,943,115
97,675,802,116
97,361,400,118
97,361,361,121
97,677,535,122
97,997,574,123
97,961,589,124
97,715,446,126
97,466,379,128
97,113,245,129
97,255,275,131
97,787,310,132
97,23,1378,133
98,27,1218,0
98,27,1250,3
98,26,1301,4
98,25,1339,5
98,275,1268,16
98,277,1299,17
98,361,438,18
98,539,298,27
98,606,724,33
98,956,967,90
98,1029,984,91
98,996,749,96
98,287,609,104
98,62,1279,105
98,382,1356,106
98,677,766,107
98,815,932,108
98,457,1167,110
98,995,692,111
98,459,1036,112
98,710,839,113
98,462,679,114
98,246,965,115
98,675,801,116
98,360,408,118
98,361,365,121
98,677,548,122
98,997,590,123
98,962,590,124
98,713,463,126
98,468,400,128
98,113,261,129
98,256,289,131
98,785,324,132
99,26,1230,0
99,27,1261,3
99,26,1308,4
99,25,1350,5
99,275,1272,16
99,277,1303,17
99,360,450,18
99,538,304,27
99,606,736,33
99,957,974,90
99,1028,983,91
99,996,761,96
99,287,612,104
99,63,1294,105
99,383,1369,106
99,676,777,107
99,815,943,108
99,456,1187,110
99,995,713,111
99,459,1058,112
99,710,854,113
99,463,690,114
99,246,982,115
99,674,809,116
99,360,420,118
99,360,378,121
99,677,560,122
99,996,606,123
99,962,592,124
99,714,482,126
99,465,419,128
99,112,269,129
99,255,301,131
99,786,341,132
100,27,1240,0
100,26,1272,3
100,26,1320,4
100,24,1362,5
100,275,1269,16
100,277,1309,17
100,359,466,18
100,541,293,27
100,606,748,33
100,957,981,90
100,1028,987,91
100,995,779,96
100,287,619,104
100,62,1306,105
100,382,1378,106
100,676,790,107
100,815,960,108
100,456,1206,110
100,995,728,111
100,458,1075,112
100,709,864,113
100,463,701,114
100,246,1003,115
100,673,824,116
100,360,437,118
100,360,393,121
100,677,580,122
100,995,624,123
100,963,604,124
100,713,498,126
100,466,436,128
100,112,285,129
100,254,310,131
100,786,361,132
101,27,1247,0
101,26,1278,3
101,26,1327,4
101,25,1370,5
101,276,1276,16
101,275,1315,17
101,358,484,18
101,538,274,27
101,604,759,33
101,956,992,90
101,1029,988,91
101,995,796,96
101,287,628,104
101,61,1322,105
101,676,806,107
101,815,976,108
101,455,1226,110
101,996,742,111
101,457,1096,112
101,710,863,113
101,463,712,114
101,244,1025,115
101,675,838,116
101,359,451,118
101,360,408,121
101,676,597,122
101,995,635,123
101,963,616,124
101,714,513,126
101,465,456,128
101,112,302,129
101,255,323,131
101,786,382,132
102,28,1251,0
102,26,1282,3
102,26,1332,4
102,26,1371,5
102,276,1281,16
102,276,1324,17
102,358,501,18
102,539,261,27
102,606,773,33
102,956,1002,90
102,1028,989,91
102,995,808,96
102,288,635,104
102,61,1336,105
102,675,819,107
102,815,985,108
102,454,1249,110
102,996,756,111
102,456,1114,112
102,708,869,113
102,463,724,114
102,244,1045,115
102,675,850,116
102,359,464,118
102,359,423,121
102,676,613,122
102,998,651,123
102,964,626,124
102,714,526,126
102,465,476,128
102,114,315,129
102,255,339,131
102,786,399,132
103,28,1253,0
103,27,1283,3
103,26,1335,4
103,26,1373,5
103,276,1292,16
103,276,1337,17
103,357,515,18
103,540,244,27
103,605,786,33
103,956,1013,90
103,1028,990,91
103,993,825,96
103,286,645,104
103,61,1346,105
103,674,820,107
103,815,1002,108
103,453,1269,110
103,995,769,111
103,457,1123,112
103,708,883,113
103,463,732,114
103,244,1069,115
103,674,856,116
103,359,475,118
103,359,438,121
103,676,624,122
103,996,668,123
103,963,629,124
103,712,541,126
103,466,491,128
103,112,330,129
103,254,358,131
103,784,417,132
104,26,1257,0
104,27,1289,3
104,26,1334,4
104,26,1373,5
104,275,1300,16
104,275,1338,17
104,358,534,18
104,540,226,27
104,605,802,33
104,955,1022,90
104,1028,1001,91
104,994,840,96
104,286,652,104
104,61,1363,105
104,675,821,107
104,814,1016,108
104,454,1288,110
104,995,784,111
104,456,1139,112
104,708,908,113
104,463,746,114
104,243,1092,115
104,674,865,116
104,360,494,118
104,360,457,121
104,676,634,122
104,997,679,123
104,961,638,124
104,712,552,126
104,466,516,128
104,111,345,129
104,253,375,131
104,786,436,132
105,26,1261,0
105,26,1290,3
105,27,1342,4
105,25,1375,5
105,275,1309,16
105,274,1350,17
105,357,555,18
105,540,214,27
105,604,814,33
105,955,1024,90
105,1029,1002,91
105,994,847,96
105,286,658,104
105,59,1378,105
105,675,829,107
105,815,1026,108
105,453,1303,110
105,995,791,111
105,457,1158,112
105,709,927,113
105,463,758,114
105,244,1107,115
105,674,881,116
105,359,509,118
105,360,469,121
105,677,650,122
105,995,694,123
105,961,641,124
105,712,568,126
105,466,530,128
105,112,360,129
105,254,385,131
105,786,450,132
106,26,1261,0
106,26,1294,3
106,27,1340,4
106,25,1378,5
106,275,1318,16
106,275,1356,17
106,357,569,18
106,540,203,27
106,604,824,33
106,956,1026,90
106,1027,1015,91
106,994,849,96
106,286,661,104
106,675,838,107
106,815,1031,108
106,454,1320,110
106,995,789,111
106,456,1178,112
106,708,942,113
106,461,768,114
106,244,1123,115
106,673,896,116
106,359,525,118
106,359,482,121
106,675,666,122
106,996,716,123
106,961,653,124
106,714,585,126
106,464,550,128
106,113,378,129
106,255,388,131
106,784,468,132
107,26,1267,0
107,26,1299,3
107,27,1349,4
107,274,1326,16
107,276,1358,17
107,355,589,18
107,540,199,27
107,604,837,33
107,956,1035,90
107,1027,1028,91
107,994,849,96
107,285,669,104
107,674,848,107
107,814,1040,108
107,453,1341,110
107,995,789,111
107,455,1195,112
107,708,955,113
107,460,782,114
107,243,1143,115
107,674,921,116
107,358,536,118
107,358,492,121
107,677,689,122
107,996,738,123
107,963,670,124
107,713,599,126
107,464,570,128
107,111,392,129
107,254,400,131
107,785,482,132
108,25,1277,0
108,26,1310,3
108,26,1362,4
108,274,1329,16
108,274,1365,17
108,355,603,18
108,539,208,27
108,603,847,33
108,956,1044,90
108,1028,1039,91
108,995,853,96
108,285,674,104
108,674,858,107
108,815,1046,108
108,454,1364,110
108,995,796,111
108,455,1218,112
108,707,973,113
108,461,797,114
108,243,1157,115
108,673,937,116
108,358,546,118
108,358,505,121
108,676,705,122
108,995,753,123
108,963,676,124
108,712,613,126
108,463,590,128
108,113,406,129
108,252,412,131
108,786,499,132
108,254,0,134
109,25,1296,0
109,26,1328,3
109,27,1375,4
109,274,1333,16
109,274,1372,17
109,358,622,18
109,540,216,27
109,604,859,33
109,956,1058,90
109,1027,1046,91
109,995,854,96
109,285,681,104
109,674,868,107
109,814,1057,108
109,452,1373,110
109,995,802,111
109,456,1235,112
109,707,990,113
109,461,809,114
109,243,1175,115
109,673,957,116
109,357,562,118
109,357,524,121
109,675,722,122
109,996,763,123
109,961,696,124
109,712,631,126
109,463,609,128
109,113,429,129
109,253,426,131
109,785,519,132
109,255,4,134
110,24,1309,0
110,25,1343,3
110,274,1340,16
110,276,1379,17
110,355,643,18
110,539,230,27
110,604,871,33
110,956,1074,90
110,1028,1052,91
110,995,868,96
110,286,689,104
110,674,884,107
110,814,1072,108
110,995,818,111
110,453,1251,112
110,706,1008,113
110,460,820,114
110,242,1194,115
110,672,972,116
110,358,577,118
110,358,536,121
110,675,740,122
110,995,775,123
110,962,719,124
110,712,648,126
110,465,633,128
110,113,442,129
110,253,445,131
110,784,542,132
110,256,15,134
110,790,2,135
111,25,1322,0
111,25,1353,3
111,275,1354,16
111,356,660,18
111,539,248,27
111,603,883,33
111,955,1079,90
111,1028,1067,91
111,993,887,96
111,285,698,104
111,674,900,107
111,813,1090,108
111,993,831,111
111,453,1270,112
111,707,1023,113
111,461,833,114
111,243,1207,115
111,672,995,116
111,357,593,118
111,358,552,121
111,676,757,122
111,996,790,123
111,961,739,124
111,712,665,126
111,462,655,128
111,111,455,129
111,253,459,131
111,783,556,132
111,256,24,134
111,791,7,135
112,24,1332,0
112,25,1364,3
112,275,1360,16
112,357,685,18
112,538,261,27
112,603,892,33
112,955,1081,90
112,1028,1075,91
112,994,903,96
112,285,710,104
112,674,917,107
112,814,1101,108
112,994,850,111
112,453,1281,112
112,706,1027,113
112,462,843,114
112,242,1226,115
112,672,1009,116
112,358,599,118
112,358,562,121
112,674,774,122
112,995,803,123
112,960,757,124
112,712,678,126
112,463,670,128
112,110,472,129
112,252,472,131
112,784,569,132
112,256,35,134
112,789,16,135
113,24,1334,0
113,25,1367,3
113,275,1369,16
113,357,703,18
113,538,285,27
113,603,905,33
113,955,1084,90
113,1027,1080,91
113,993,916,96
113,285,725,104
113,674,934,107
113,814,1113,108
113,994,862,111
113,453,1299,112
113,707,1034,113
113,461,861,114
113,242,1245,115
113,672,1032,116
113,359,612,118
113,357,568,121
113,674,791,122
113,994,819,123
113,958,776,124
113,713,699,126
113,463,695,128
113,112,490,129
113,252,482,131
113,785,593,132
113,256,46,134
113,790,23,135
114,24,1338,0
114,25,1369,3
114,274,1377,16
114,354,719,18
114,538,292,27
114,602,915,33
114,955,1087,90
114,1027,1080,91
114,994,922,96
114,285,735,104
114,673,951,107
114,813,1129,108
114,993,868,111
114,453,1320,112
114,707,1048,113
114,460,869,114
114,240,1264,115
114,672,1049,116
114,358,619,118
114,356,573,121
114,673,811,122
114,995,831,123
114,958,800,124
114,711,711,126
114,462,714,128
114,110,505,129
114,251,496,131
114,785,611,132
114,257,53,134
114,791,41,135
115,24,1340,0
115,26,1373,3
115,354,735,18
115,539,292,27
115,602,919,33
115,955,1095,90
115,1027,1085,91
115,993,927,96
115,285,740,104
115,674,960,107
115,813,1147,108
115,993,873,111
115,452,1337,112
115,707,1068,113
115,461,879,114
115,241,1286,115
115,672,1066,116
115,357,636,118
115,356,579,121
115,673,823,122
115,995,833,123
115,959,816,124
115,712,726,126
115,463,738,128
115,109,526,129
115,251,509,131
115,784,631,132
115,257,64,134
115,789,54,135
115,399,4,137
116,24,1345,0
116,26,1375,3
116,356,750,18
116,538,285,27
116,602,923,33
116,955,1104,90
116,1027,1087,91
116,993,929,96
116,285,746,104
116,672,970,107
116,812,1162,108
116,994,874,111
116,453,1352,112
116,706,1085,113
116,461,889,114
116,241,1299,115
116,671,1085,116
116,357,647,118
116,357,594,121
116,673,841,122
116,995,834,123
116,960,834,124
116,711,742,126
116,462,755,128
116,110,547,129
116,253,517,131
116,783,643,132
116,257,73,134
116,790,66,135
116,398,20,137
117,24,1349,0
117,26,1375,3
117,355,764,18
117,539,273,27
117,603,936,33
117,955,1112,90
117,1027,1090,91
117,992,937,96
117,285,756,104
117,673,976,107
117,813,1172,108
117,994,881,111
117,453,1370,112
117,705,1102,113
117,462,894,114
117,240,1317,115
117,671,1103,116
117,357,655,118
117,356,612,121
117,673,860,122
117,995,834,123
117,958,855,124
117,710,758,126
117,461,769,128
117,110,562,129
117,253,525,131
117,783,658,132
117,257,85,134
117,789,80,135
117,399,35,137
118,23,1361,0
118,354,784,18
118,539,260,27
118,603,950,33
118,955,1120,90
118,1026,1096,91
118,993,952,96
118,284,767,104
118,672,982,107
118,813,1180,108
118,994,899,111
118,452,1374,112
118,705,1120,113
118,461,906,114
118,241,1337,115
118,670,1123,116
118,356,669,118
118,357,624,121
118,673,878,122
118,995,849,123
118,957,869,124
118,710,773,126
118,462,793,128
118,109,578,129
118,251,541,131
118,781,678,132
118,257,100,134
118,788,93,135
118,399,50,137
119,24,1370,0
119,353,802,18
119,539,246,27
119,602,966,33
119,955,1129,90
119,1026,1108,91
119,993,971,96
119,285,775,104
119,672,985,107
119,812,1185,108
119,993,916,111
119,704,1139,113
119,460,921,114
119,239,1354,115
119,670,1140,116
119,356,682,118
119,356,634,121
119,673,898,122
119,993,870,123
119,957,880,124
119,710,788,126
119,462,808,128
119,108,595,129
119,251,559,131
119,781,694,132
119,257,111,134
119,787,96,135
119,399,66,137
120,23,1374,0
120,354,819,18
120,538,237,27
120,603,977,33
120,954,1142,90
120,1026,1123,91
120,992,991,96
120,284,784,104
120,672,992,107
120,812,1200,108
120,993,929,111
120,705,1160,113
120,459,937,114
120,239,1374,115
120,670,1159,116
120,356,699,118
120,355,655,121
120,672,915,122
120,993,884,123
120,959,906,124
120,711,805,126
120,462,828,128
120,109,608,129
120,251,568,131
120,783,709,132
120,256,121,134
120,788,102,135
120,398,84,137
120,1039,2,139
121,354,840,18
121,538,228,27
121,601,989,33
121,954,1157,90
121,1026,1135,91
121,993,1000,96
121,284,788,104
121,671,1002,107
121,812,1209,108
121,993,939,111
121,705,1172,113
121,459,943,114
121,669,1178,116
121,355,716,118
121,356,675,121
121,673,937,122
121,993,898,123
121,959,929,124
121,710,824,126
121,460,844,128
121,109,622,129
121,251,585,131
121,781,731,132
121,256,130,134
121,788,110,135
121,397,99,137
121,1039,9,139
122,354,859,18
122,539,225,27
122,602,1000,33
122,953,1164,90
122,1026,1145,91
122,993,1006,96
122,284,796,104
122,672,1013,107
122,812,1225,108
122,993,943,111
122,703,1188,113
122,458,950,114
122,670,1197,116
122,356,732,118
122,355,691,121
122,672,954,122
122,993,904,123
122,960,951,124
122,710,839,126
122,460,866,128
122,109,639,129
122,251,591,131
122,781,750,132
122,255,136,134
122,789,122,135
122,398,119,137
122,1038,19,139
123,352,876,18
123,538,229,27
123,601,1014,33
123,953,1174,90
123,1026,1158,91
123,993,1005,96
123,283,803,104
123,671,1029,107
123,811,1238,108
123,993,944,111
123,703,1201,113
123,459,958,114
123,670,1218,116
123,355,745,118
123,355,706,121
123,672,976,122
123,992,904,123
123,958,967,124
123,710,855,126
123,461,885,128
123,107,659,129
123,252,598,131
123,781,763,132
123,255,148,134
123,789,137,135
123,398,138,137
123,1038,25,139
124,351,895,18
124,538,242,27
124,601,1028,33
124,953,1181,90
124,1026,1164,91
124,992,1009,96
124,283,812,104
124,670,1048,107
124,811,1251,108
124,993,949,111
124,704,1221,113
124,459,973,114
124,669,1234,116
124,355,761,118
124,357,720,121
124,672,995,122
124,992,909,123
124,956,992,124
124,709,871,126
124,460,900,128
124,107,679,129
124,251,604,131
124,780,783,132
124,256,159,134
124,787,152,135
124,398,148,137
124,1038,31,139
125,351,910,18
125,538,248,27
125,602,1042,33
125,952,1194,90
125,1026,1166,91
125,992,1017,96
125,282,824,104
125,672,1067,107
125,811,1264,108
125,994,962,111
125,703,1244,113
125,459,986,114
125,669,1250,116
125,354,779,118
125,355,739,121
125,672,1011,122
125,993,914,123
125,957,1012,124
125,709,890,126
125,460,914,128
125,108,699,129
125,251,613,131
125,781,801,132
125,257,173,134
125,788,165,135
125,397,163,137
125,1038,35,139
126,352,926,18
126,539,268,27
126,600,1055,33
126,953,1211,90
126,1026,1174,91
126,993,1032,96
126,282,839,104
126,671,1084,107
126,810,1282,108
126,992,983,111
126,704,1260,113
126,458,994,114
126,667,1272,116
126,356,796,118
126,355,758,121
126,671,1028,122
126,992,928,123
126,956,1033,124
126,710,906,126
126,460,944,128
126,107,719,129
126,252,629,131
126,781,823,132
126,256,180,134
126,789,175,135
126,398,175,137
126,1037,43,139
127,352,949,18
127,538,278,27
127,601,1068,33
127,953,1224,90
127,1027,1178,91
127,992,1047,96
127,283,855,104
127,671,1096,107
127,809,1297,108
127,993,995,111
127,703,1271,113
127,458,1010,114
127,668,1286,116
127,354,811,118
127,355,773,121
127,672,1043,122
127,992,948,123
127,958,1058,124
127,710,923,126
127,460,963,128
127,107,737,129
127,251,643,131
127,781,838,132
127,256,192,134
127,788,185,135
127,398,197,137
127,1037,65,139
128,351,957,18
128,539,295,27
128,600,1082,33
128,953,1224,90
128,1026,1187,91
128,992,1053,96
128,283,868,104
128,672,1107,107
128,809,1315,108
128,992,1003,111
128,703,1289,113
128,458,1022,114
128,668,1304,116
128,355,818,118
128,355,778,121
128,672,1057,122
128,991,963,123
128,957,1075,124
128,708,936,126
128,459,976,128
128,105,757,129
128,251,656,131
128,782,858,132
128,255,202,134
128,789,194,135
128,398,207,137
128,1036,80,139
129,354,983,18
129,539,313,27
129,600,1093,33
129,954,1225,90
129,1026,1193,91
129,991,1068,96
129,284,881,104
129,670,1111,107
129,810,1326,108
129,992,1012,111
129,702,1308,113
129,459,1035,114
129,668,1322,116
129,355,825,118
129,354,784,121
129,670,1068,122
129,991,974,123
129,956,1083,124
129,708,948,126
129,458,989,128
129,106,776,129
129,250,667,131
129,781,867,132
129,255,209,134
129,789,201,135
129,398,226,137
129,1036,89,139
130,353,998,18
130,539,316,27
130,600,1110,33
130,954,1226,90
130,1026,1205,91
130,992,1070,96
130,284,893,104
130,672,1122,107
130,810,1331,108
130,992,1012,111
130,703,1327,113
130,459,1048,114
130,667,1338,116
130,356,842,118
130,354,796,121
130,671,1081,122
130,992,976,123
130,955,1097,124
130,708,961,126
130,459,1005,128
130,106,791,129
130,250,682,131
130,781,881,132
130,256,220,134
130,787,209,135
130,398,244,137
130,1036,96,139
131,351,1013,18
131,539,344,27
131,599,1122,33
131,954,1229,90
131,1027,1219,91
131,991,1072,96
131,282,905,104
131,671,1139,107
131,809,1338,108
131,992,1017,111
131,703,1343,113
131,458,1066,114
131,667,1358,116
131,354,864,118
131,354,821,121
131,670,1096,122
131,992,976,123
131,955,1114,124
131,707,979,126
131,458,1019,128
131,106,808,129
131,251,688,131
131,780,901,132
131,256,234,134
131,787,219,135
131,396,253,137
131,1036,101,139
132,353,1032,18
132,538,355,27
132,599,1136,33
132,954,1238,90
132,1026,1224,91
132,992,1080,96
132,283,914,104
132,669,1153,107
132,810,1347,108
132,993,1027,111
132,703,1356,113
132,458,1081,114
132,668,1376,116
132,354,877,118
132,354,839,121
132,670,1107,122
132,993,983,123
132,955,1130,124
132,707,993,126
132,459,1034,128
132,105,824,129
132,250,694,131
132,780,917,132
132,256,238,134
132,787,232,135
132,396,271,137
132,1036,111,139
132,966,8,140
133,353,1047,18
133,538,370,27
133,600,1150,33
133,954,1251,90
133,1026,1229,91
133,993,1094,96
133,283,928,104
133,669,1166,107
133,810,1356,108
133,992,1044,111
133,702,1372,113
133,458,1092,114
133,353,888,118
133,354,849,121
133,670,1123,122
133,993,999,123
133,956,1151,124
133,709,1010,126
133,457,1048,128
133,105,844,129
133,251,704,131
133,781,934,132
133,257,250,134
133,789,251,135
133,397,288,137
133,1035,136,139
133,968,29,140
134,352,1064,18
134,538,380,27
134,599,1157,33
134,953,1263,90
134,1026,1231,91
134,992,1109,96
134,283,935,104
134,668,1176,107
134,809,1370,108
134,992,1059,111
134,703,1379,113
134,457,1106,114
134,354,899,118
134,354,853,121
134,670,1135,122
134,993,1016,123
134,955,1172,124
134,708,1020,126
134,459,1065,128
134,104,861,129
134,250,720,131
134,780,952,132
134,257,262,134
134,788,260,135
134,396,307,137
134,1036,142,139
134,968,47,140
135,351,1087,18
135,539,395,27
135,600,1169,33
135,954,1264,90
135,1026,1231,91
135,992,1129,96
135,282,946,104
135,670,1190,107
135,991,1075,111
135,456,1124,114
135,352,912,118
135,354,868,121
135,671,1149,122
135,993,1033,123
135,953,1196,124
135,710,1037,126
135,458,1080,128
135,105,880,129
135,250,734,131
135,780,972,132
135,257,274,134
135,788,278,135
135,397,320,137
135,1038,147,139
135,968,67,140
136,350,1103,18
136,539,401,27
136,599,1180,33
136,954,1265,90
136,1026,1231,91
136,992,1139,96
136,282,956,104
136,670,1201,107
136,991,1083,111
136,456,1138,114
136,354,928,118
136,354,887,121
136,671,1160,122
136,993,1045,123
136,955,1211,124
136,708,1055,126
136,458,1096,128
136,106,897,129
136,249,750,131
136,780,989,132
136,255,282,134
136,788,288,135
136,398,333,137
136,1037,157,139
136,967,82,140
136,755,1,141
137,350,1127,18
137,538,401,27
137,600,1195,33
137,954,1267,90
137,1026,1231,91
137,992,1148,96
137,282,966,104
137,670,1213,107
137,991,1093,111
137,455,1155,114
137,353,942,118
137,354,897,121
137,671,1168,122
137,993,1047,123
137,955,1214,124
137,708,1070,126
137,459,1114,128
137,105,918,129
137,250,760,131
137,778,1008,132
137,255,294,134
137,788,296,135
137,397,345,137
137,1037,165,139
137,966,101,140
137,755,8,141
138,351,1142,18
138,538,402,27
138,600,1207,33
138,953,1270,90
138,1026,1233,91
138,992,1157,96
138,282,975,104
138,670,1227,107
138,992,1097,111
138,456,1172,114
138,353,951,118
138,353,911,121
138,670,1183,122
138,993,1053,123
138,954,1219,124
138,708,1086,126
138,457,1131,128
138,104,938,129
138,250,768,131
138,779,1023,132
138,257,302,134
138,788,307,135
138,397,362,137
138,1035,179,139
138,966,123,140
138,754,14,141
139,349,1158,18
139,538,402,27
139,600,1221,33
139,954,1281,90
139,1026,1245,91
139,991,1160,96
139,282,987,104
139,670,1246,107
139,991,1107,111
139,456,1190,114
139,353,973,118
139,354,928,121
139,669,1201,122
139,992,1062,123
139,955,1226,124
139,707,1101,126
139,457,1150,128
139,105,952,129
139,248,773,131
139,780,1045,132
139,256,313,134
139,786,325,135
139,397,378,137
139,1036,195,139
139,967,138,140
139,755,28,141
139,825,1,142
140,349,1175,18
140,538,406,27
140,599,1233,33
140,953,1294,90
140,1025,1254,91
140,991,1177,96
140,282,1001,104
140,668,1268,107
140,992,1127,111
140,456,1205,114
140,353,989,118
140,353,949,121
140,669,1224,122
140,991,1079,123
140,955,1238,124
140,708,1115,126
140,456,1162,128
140,102,967,129
140,248,784,131
140,779,1058,132
140,255,322,134
140,786,339,135
140,397,391,137
140,1035,214,139
140,966,164,140
140,755,39,141
140,827,7,142
141,349,1192,18
141,538,419,27
141,599,1241,33
141,951,1306,90
141,1025,1272,91
141,992,1203,96
141,281,1010,104
141,669,1288,107
141,991,1147,111
141,456,1222,114
141,353,998,118
141,352,957,121
141,669,1243,122
141,990,1100,123
141,954,1253,124
141,705,1130,126
141,456,1177,128
141,104,985,129
141,249,795,131
141,780,1071,132
141,256,336,134
141,787,352,135
141,396,407,137
141,1035,224,139
141,966,184,140
141,755,58,141
141,826,10,142
141,293,2,143
142,349,1202,18
142,537,431,27
142,598,1256,33
142,951,1319,90
142,1025,1283,91
142,991,1214,96
142,282,1016,104
142,668,1299,107
142,990,1155,111
142,457,1232,114
142,353,1005,118
142,352,963,121
142,669,1254,122
142,992,1111,123
142,955,1262,124
142,708,1146,126
142,455,1187,128
142,103,999,129
142,249,812,131
142,778,1089,132
142,256,348,134
142,788,366,135
142,396,427,137
142,1036,232,139
142,967,208,140
142,754,72,141
142,824,17,142
142,292,6,143
143,349,1219,18
143,537,441,27
143,598,1266,33
143,952,1320,90
143,1025,1294,91
143,991,1214,96
143,281,1022,104
143,668,1311,107
143,992,1160,111
143,455,1246,114
143,353,1017,118
143,352,977,121
143,668,1264,122
143,991,1116,123
143,953,1266,124
143,706,1161,126
143,457,1202,128
143,103,1017,129
143,249,823,131
143,779,1105,132
143,255,358,134
143,788,377,135
143,396,433,137
143,1036,244,139
143,966,222,140
143,754,82,141
143,824,27,142
143,293,8,143
144,347,1239,18
144,537,448,27
144,598,1277,33
144,953,1321,90
144,1025,1303,91
144,990,1221,96
144,281,1029,104
144,668,1319,107
144,991,1162,111
144,454,1265,114
144,352,1030,118
144,352,993,121
144,668,1273,122
144,991,1122,123
144,955,1269,124
144,706,1174,126
144,456,1224,128
144,102,1031,129
144,247,836,131
144,777,1115,132
144,255,371,134
144,788,382,135
144,397,445,137
144,1036,250,139
144,966,230,140
144,754,93,141
144,823,36,142
144,293,11,143
144,826,2,144
144,1103,136,149
145,348,1257,18
145,538,456,27
145,597,1285,33
145,954,1323,90
145,1026,1321,91
145,991,1228,96
145,281,1036,104
145,667,1328,107
145,990,1171,111
145,455,1287,114
145,352,1048,118
145,353,1009,121
145,669,1286,122
145,991,1126,123
145,954,1270,124
145,707,1190,126
145,457,1245,128
145,102,1053,129
145,248,845,131
145,777,1135,132
145,254,383,134
145,788,388,135
145,395,459,137
145,1036,256,139
145,966,233,140
145,755,111,141
145,825,51,142
145,293,11,143
145,825,11,144
145,1104,147,149
146,351,1272,18
146,538,473,27
146,597,1299,33
146,953,1333,90
146,1026,1327,91
146,990,1241,96
146,280,1041,104
146,668,1338,107
146,990,1184,111
146,456,1305,114
146,351,1065,118
146,352,1026,121
146,670,1300,122
146,990,1137,123
146,954,1279,124
146,705,1207,126
146,457,1263,128
146,103,1068,129
146,248,851,131
146,777,1149,132
146,254,392,134
146,786,398,135
146,394,475,137
146,1036,260,139
146,968,241,140
146,753,118,141
146,822,64,142
146,293,-4,143
146,826,23,144
146,825,0,148
146,1104,161,149
147,348,1294,18
147,537,491,27
147,597,1317,33
147,953,1345,90
147,1026,1329,91
147,990,1256,96
147,280,1048,104
147,668,1351,107
147,990,1198,111
147,454,1321,114
147,352,1082,118
147,351,1043,121
147,669,1312,122
147,991,1153,123
147,954,1292,124
147,704,1226,126
147,455,1275,128
147,104,1086,129
147,247,859,131
147,778,1169,132
147,254,398,134
147,785,412,135
147,394,491,137
147,1036,265,139
147,965,254,140
147,754,127,141
147,823,74,142
147,826,29,144
147,256,2,145
147,825,2,148
147,1104,167,149
148,348,1304,18
148,538,502,27
148,597,1332,33
148,953,1364,90
148,1026,1329,91
148,989,1272,96
148,280,1054,104
148,669,1362,107
148,991,1216,111
148,453,1341,114
148,351,1096,118
148,351,1057,121
148,668,1320,122
148,990,1169,123
148,955,1306,124
148,704,1241,126
148,455,1292,128
148,103,1100,129
148,247,869,131
148,779,1183,132
148,254,411,134
148,786,428,135
148,393,505,137
148,1036,274,139
148,965,271,140
148,754,135,141
148,824,82,142
148,826,43,144
148,256,8,145
148,824,8,148
148,1104,177,149
149,347,1331,18
149,538,505,27
149,596,1345,33
149,953,1372,90
149,1025,1332,91
149,990,1287,96
149,280,1063,104
149,667,1372,107
149,991,1229,111
149,454,1352,114
149,351,1107,118
149,351,1066,121
149,668,1330,122
149,990,1187,123
149,954,1322,124
149,705,1253,126
149,454,1312,128
149,102,1118,129
149,247,879,131
149,779,1201,132
149,252,422,134
149,787,441,135
149,393,522,137
149,1035,289,139
149,966,289,140
149,753,141,141
149,823,86,142
149,825,47,144
149,256,16,145
149,824,16,148
149,1104,180,149
150,347,1342,18
150,538,506,27
150,597,1357,33
150,953,1374,90
150,1026,1345,91
150,989,1293,96
150,281,1075,104
150,991,1240,111
150,453,1369,114
150,351,1113,118
150,351,1074,121
150,668,1350,122
150,990,1198,123
150,954,1332,124
150,706,1270,126
150,453,1329,128
150,102,1130,129
150,247,896,131
150,775,1216,132
150,253,432,134
150,787,453,135
150,393,537,137
150,1036,302,139
150,967,303,140
150,753,155,141
150,824,92,142
150,824,56,144
150,257,20,145
150,825,28,148
150,1104,196,149
151,347,1354,18
151,538,499,27
151,596,1371,33
151,955,1374,90
151,1026,1356,91
151,990,1303,96
151,280,1086,104
151,988,1250,111
151,453,1380,114
151,351,1130,118
151,351,1087,121
151,668,1363,122
151,989,1203,123
151,954,1333,124
151,705,1281,126
151,452,1343,128
151,101,1141,129
151,247,910,131
151,775,1232,132
151,254,444,134
151,787,465,135
151,393,543,137
151,1036,316,139
151,966,315,140
151,753,169,141
151,823,102,142
151,825,65,144
151,256,27,145
151,824,36,148
151,1104,203,149
152,346,1366,18
152,537,490,27
152,955,1375,90
152,1026,1368,91
152,990,1304,96
152,280,1095,104
152,991,1254,111
152,350,1148,118
152,351,1106,121
152,668,1371,122
152,989,1206,123
152,954,1333,124
152,704,1298,126
152,452,1360,128
152,101,1154,129
152,248,922,131
152,775,1241,132
152,255,456,134
152,787,475,135
152,394,555,137
152,1036,332,139
152,966,323,140
152,753,183,141
152,824,110,142
152,824,71,144
152,257,32,145
152,824,29,148
152,1103,209,149
153,347,1369,18
153,536,504,27
153,953,1381,90
153,1026,1377,91
153,990,1317,96
153,280,1110,104
153,989,1258,111
153,350,1156,118
153,350,1117,121
153,668,1376,122
153,989,1214,123
153,954,1338,124
153,706,1312,126
153,453,1365,128
153,101,1168,129
153,247,930,131
153,775,1258,132
153,253,465,134
153,786,481,135
153,394,566,137
153,1034,354,139
153,964,332,140
153,753,193,141
153,824,116,142
153,824,76,144
153,257,38,145
153,823,3,148
153,1103,222,149
154,347,1368,18
154,536,517,27
154,989,1327,96
154,280,1125,104
154,990,1275,111
154,351,1166,118
154,350,1125,121
154,666,1382,122
154,989,1228,123
154,954,1349,124
154,703,1328,126
154,453,1374,128
154,101,1182,129
154,246,936,131
154,775,1275,132
154,253,474,134
154,785,489,135
154,394,577,137
154,1034,363,139
154,966,351,140
154,752,204,141
154,823,124,142
154,825,83,144
154,257,44,145
154,1103,232,149
155,347,1367,18
155,536,530,27
155,990,1343,96
155,279,1134,104
155,990,1292,111
155,350,1177,118
155,351,1135,121
155,990,1245,123
155,954,1360,124
155,703,1344,126
155,452,1380,128
155,100,1203,129
155,247,948,131
155,775,1283,132
155,254,487,134
155,785,501,135
155,394,588,137
155,1034,384,139
155,965,371,140
155,751,220,141
155,823,132,142
155,824,96,144
155,257,50,145
155,1102,240,149
156,348,1366,18
156,536,538,27
156,990,1355,96
156,279,1150,104
156,990,1309,111
156,349,1190,118
156,350,1149,121
156,990,1261,123
156,955,1365,124
156,703,1354,126
156,99,1220,129
156,247,964,131
156,776,1303,132
156,254,497,134
156,786,515,135
156,394,600,137
156,1035,396,139
156,965,381,140
156,751,234,141
156,825,142,142
156,824,107,144
156,257,57,145
156,293,5,146
156,1103,247,149
157,348,1366,18
157,536,553,27
157,991,1368,96
157,278,1157,104
157,990,1316,111
157,349,1201,118
157,351,1158,121
157,990,1272,123
157,954,1370,124
157,703,1372,126
157,100,1242,129
157,248,975,131
157,776,1325,132
157,254,511,134
157,787,529,135
157,393,613,137
157,1036,410,139
157,965,379,140
157,752,247,141
157,824,155,142
157,825,118,144
157,257,61,145
157,292,22,146
157,1103,262,149
157,826,5,150
158,348,1370,18
158,536,562,27
158,279,1166,104
158,990,1328,111
158,350,1206,118
158,349,1170,121
158,990,1288,123
158,955,1374,124
158,702,1382,126
158,99,1259,129
158,246,993,131
158,775,1340,132
158,252,520,134
158,785,542,135
158,394,623,137
158,1036,422,139
158,965,386,140
158,753,257,141
158,824,164,142
158,824,126,144
158,257,68,145
158,292,30,146
158,1103,271,149
158,827,22,150
159,348,1368,18
159,537,562,27
159,278,1175,104
159,990,1349,111
159,350,1219,118
159,348,1181,121
159,989,1305,123
159,955,1377,124
159,99,1276,129
159,246,1006,131
159,776,1355,132
159,253,531,134
159,786,557,135
159,393,635,137
159,1035,435,139
159,965,390,140
159,753,266,141
159,824,171,142
159,824,134,144
159,256,78,145
159,293,39,146
159,1101,279,149
159,826,39,150
160,347,1358,18
160,537,561,27
160,279,1209,104
160,989,1371,111
160,348,1251,118
160,349,1206,121
160,989,1329,123
160,99,1307,129
160,245,1022,131
160,775,1381,132
160,253,553,134
160,785,577,135
160,393,659,137
160,1034,453,139
160,963,421,140
160,751,297,141
160,822,190,142
160,824,151,144
160,256,95,145
160,293,81,146
160,1101,302,149
160,826,87,150
161,347,1351,18
161,537,562,27
161,279,1212,104
161,991,1372,111
161,348,1254,118
161,349,1213,121
161,988,1334,123
161,99,1314,129
161,245,1023,131
161,253,556,134
161,785,582,135
161,394,666,137
161,1033,454,139
161,964,430,140
161,752,302,141
161,823,192,142
161,824,153,144
161,257,95,145
161,293,86,146
161,1102,305,149
161,824,92,150
162,346,1347,18
162,537,562,27
162,279,1215,104
162,991,1372,111
162,349,1259,118
162,348,1216,121
162,989,1337,123
162,98,1318,129
162,245,1025,131
162,253,557,134
162,784,585,135
162,394,667,137
162,1034,460,139
162,963,436,140
162,751,305,141
162,823,194,142
162,824,153,144
162,256,96,145
162,292,91,146
162,1102,309,149
162,825,94,150
163,347,1330,18
163,535,576,27
163,278,1227,104
163,347,1272,118
163,347,1225,121
163,990,1347,123
163,99,1332,129
163,244,1036,131
163,252,565,134
163,785,601,135
163,393,677,137
163,1035,476,139
163,965,453,140
163,752,321,141
163,822,199,142
163,824,161,144
163,257,102,145
163,292,102,146
163,1103,319,149
163,825,102,150
164,346,1315,18
164,537,587,27
164,277,1232,104
164,348,1281,118
164,346,1242,121
164,991,1362,123
164,98,1345,129
164,244,1044,131
164,253,578,134
164,785,617,135
164,392,690,137
164,1034,496,139
164,964,467,140
164,751,335,141
164,821,206,142
164,825,171,144
164,257,112,145
164,292,114,146
164,1101,327,149
164,823,108,150
165,346,1326,18
165,536,599,27
165,277,1239,104
165,348,1290,118
165,348,1250,121
165,990,1369,123
165,99,1364,129
165,245,1059,131
165,252,592,134
165,785,629,135
165,392,703,137
165,1033,508,139
165,963,481,140
165,750,345,141
165,822,214,142
165,824,180,144
165,256,122,145
165,291,121,146
165,1101,338,149
165,824,113,150
166,347,1329,18
166,535,616,27
166,278,1245,104
166,348,1296,118
166,349,1256,121
166,990,1376,123
166,245,1074,131
166,252,601,134
166,784,642,135
166,392,715,137
166,1034,521,139
166,964,497,140
166,750,358,141
166,822,228,142
166,823,190,144
166,256,125,145
166,291,130,146
166,1102,350,149
166,824,112,150
167,347,1348,18
167,535,626,27
167,277,1252,104
167,347,1313,118
167,348,1270,121
167,244,1089,131
167,252,613,134
167,783,659,135
167,392,726,137
167,1033,537,139
167,963,512,140
167,750,377,141
167,823,241,142
167,823,202,144
167,257,126,145
167,291,134,146
167,1102,361,149
167,824,138,150
168,346,1362,18
168,537,635,27
168,277,1260,104
168,346,1328,118
168,346,1287,121
168,243,1098,131
168,251,622,134
168,783,672,135
168,391,730,137
168,1033,549,139
168,963,525,140
168,750,384,141
168,822,249,142
168,822,212,144
168,257,131,145
168,292,131,146
168,1102,367,149
168,824,161,150
169,347,1362,18
169,534,645,27
169,277,1265,104
169,346,1330,118
169,347,1291,121
169,244,1115,131
169,251,635,134
169,783,681,135
169,392,737,137
169,1032,567,139
169,963,524,140
169,751,397,141
169,822,258,142
169,822,222,144
169,257,143,145
169,292,111,146
169,1102,377,149
169,824,175,150
170,347,1363,18
170,535,644,27
170,277,1271,104
170,347,1331,118
170,347,1294,121
170,245,1123,131
170,251,644,134
170,783,691,135
170,393,746,137
170,1033,578,139
170,963,523,140
170,749,413,141
170,821,264,142
170,823,230,144
170,257,153,145
170,292,102,146
170,1102,390,149
170,823,197,150
171,348,1365,18
171,535,636,27
171,277,1275,104
171,348,1333,118
171,347,1297,121
171,244,1127,131
171,251,654,134
171,782,699,135
171,392,758,137
171,1034,590,139
171,963,523,140
171,750,423,141
171,822,276,142
171,824,240,144
171,255,166,145
171,292,91,146
171,1102,403,149
171,824,210,150
171,82,1,151
172,348,1366,18
172,536,630,27
172,277,1281,104
172,348,1333,118
172,347,1296,121
172,243,1139,131
172,251,662,134
172,782,708,135
172,392,770,137
172,1032,602,139
172,963,523,140
172,750,438,141
172,820,288,142
172,823,250,144
172,256,180,145
172,292,81,146
172,1101,409,149
172,823,221,150
172,83,9,151
172,154,1,152
173,348,1366,18
173,536,642,27
173,275,1286,104
173,348,1333,118
173,347,1296,121
173,242,1151,131
173,251,673,134
173,783,724,135
173,392,786,137
173,1034,618,139
173,963,523,140
173,750,452,141
173,822,293,142
173,824,260,144
173,256,192,145
173,293,79,146
173,1102,422,149
173,822,230,150
173,81,18,151
173,154,0,152
174,348,1366,18
174,536,656,27
174,276,1291,104
174,348,1333,118
174,347,1296,121
174,242,1163,131
174,251,680,134
174,783,739,135
174,391,798,137
174,1034,627,139
174,964,522,140
174,750,465,141
174,822,305,142
174,824,266,144
174,256,205,145
174,291,62,146
174,1103,427,149
174,823,238,150
174,80,29,151
174,154,6,152
175,346,1364,18
175,535,668,27
175,275,1297,104
175,348,1333,118
175,347,1296,121
175,242,1174,131
175,251,693,134
175,783,756,135
175,391,814,137
175,1030,647,139
175,964,518,140
175,750,471,141
175,822,313,142
175,824,277,144
175,256,213,145
175,291,49,146
175,1101,436,149
175,823,248,150
175,80,37,151
175,154,11,152
176,346,1364,18
176,534,684,27
176,276,1304,104
176,347,1334,118
176,347,1296,121
176,242,1186,131
176,250,705,134
176,781,768,135
176,391,826,137
176,1031,666,139
176,964,530,140
176,751,478,141
176,822,321,142
176,823,284,144
176,257,232,145
176,291,49,146
176,1102,450,149
176,822,255,150
176,78,50,151
176,153,11,152
176,435,5,154
177,346,1364,18
177,534,702,27
177,277,1308,104
177,347,1334,118
177,347,1296,121
177,242,1198,131
177,250,718,134
177,781,780,135
177,389,834,137
177,1032,685,139
177,961,545,140
177,750,482,141
177,822,326,142
177,822,294,144
177,255,240,145
177,291,49,146
177,292,-1,147
177,1103,458,149
177,822,262,150
177,79,62,151
177,153,12,152
177,435,17,154
178,346,1364,18
178,534,720,27
178,274,1322,104
178,347,1334,118
178,347,1296,121
178,241,1211,131
178,249,731,134
178,780,791,135
178,390,847,137
178,1031,703,139
178,963,558,140
178,750,493,141
178,822,337,142
178,823,301,144
178,255,253,145
178,291,58,146
178,292,10,147
178,1101,466,149
178,822,277,150
178,78,76,151
178,153,12,152
178,221,3,153
178,435,33,154
179,346,1364,18
179,534,732,27
179,275,1337,104
179,347,1334,118
179,348,1293,121
179,240,1227,131
179,249,744,134
179,781,807,135
179,390,860,137
179,1030,716,139
179,963,576,140
179,750,499,141
179,821,348,142
179,823,311,144
179,255,259,145
179,292,71,146
179,293,23,147
179,1101,476,149
179,822,283,150
179,79,90,151
179,152,13,152
179,220,7,153
179,436,47,154
179,524,1373,155
180,347,1362,18
180,534,738,27
180,276,1355,104
180,347,1334,118
180,348,1293,121
180,241,1240,131
180,249,756,134
180,781,813,135
180,389,876,137
180,1031,735,139
180,962,589,140
180,749,507,141
180,822,357,142
180,823,321,144
180,255,266,145
180,291,88,146
180,292,43,147
180,1101,484,149
180,822,295,150
180,77,105,151
180,152,13,152
180,220,18,153
180,436,60,154
180,525,1362,155
181,345,1352,18
181,535,732,27
181,274,1370,104
181,347,1326,118
181,348,1287,121
181,240,1258,131
181,251,765,134
181,781,825,135
181,390,886,137
181,1031,749,139
181,961,597,140
181,748,518,141
181,820,373,142
181,823,334,144
181,254,271,145
181,290,102,146
181,291,57,147
181,1101,492,149
181,822,310,150
181,77,117,151
181,152,13,152
181,220,34,153
181,435,70,154
181,524,1348,155
